{"id":"DMN_MODEL-b71b10df-0e12-4041-b052-7962d495d18f","name":"Credit Advice","key":"flow_2ba3a26bd332","description":null,"editorJson":{"id":"DMN_MODEL-650bd623-5240-4a17-b402-fea9e7a40c72","modelVersion":"3","name":"Credit Advice","key":"flow_2ba3a26bd332","hitIndicator":"FIRST","inputExpressions":[{"id":"inputExpression_1","variableId":"age","variableType":null,"type":"number","label":"Age","entries":null,"newVariable":false,"complexExpression":false},{"id":"inputExpression_3","variableId":"home","variableType":null,"type":"string","label":"Status","entries":null,"newVariable":false,"complexExpression":false}],"outputExpressions":[{"id":"outputExpression_2","variableId":"guidance","variableType":null,"type":"string","label":"Credit Guidance","entries":null,"newVariable":false,"complexExpression":false},{"id":"1","variableId":"defaultPath","variableType":null,"type":"string","label":"Default path","entries":["accept","reject","escalate"],"newVariable":false,"complexExpression":false}],"rules":[{"1":"reject","inputExpression_1_operator":"<","inputExpression_1_expression":24,"inputExpression_3_expression":"-","outputExpression_2":"Young, so need further checks","inputExpression_3_operator":null},{"1":"reject","inputExpression_1_expression":"-","inputExpression_3_operator":"==","inputExpression_3_expression":"rented","outputExpression_2":"No collateral, so consider viability","inputExpression_1_operator":null},{"1":"escalate","inputExpression_1_operator":">","inputExpression_1_expression":"60","inputExpression_3_operator":"==","inputExpression_3_expression":"mortgaged","outputExpression_2":"Potentially overstretched debt to consider"},{"1":"accept","inputExpression_1_expression":"-","inputExpression_3_expression":"-","outputExpression_2":"No negative guidance","inputExpression_1_operator":null,"inputExpression_3_operator":null}]}}