{"id":"PAGE_MODEL-9b1ffc96-241b-4b2f-a92b-0bd1bef8af2e","name":"Loans statistics","key":"loansStatistics","description":"","editorJson":{"resourceId":"editor_PAGE_MODEL-9b1ffc96-241b-4b2f-a92b-0bd1bef8af2e","stencil":{"id":"XForm"},"pathProperties":{"outcomes":"outcomes","outcomevariablename":"outcomeVariableName","datamodel":"dataModel","dialog-size":"dialogSize","dialog-title":"dialogTitle","dialog-description":"dialogDescription"},"xmlProperties":[],"childShapes":[{"resourceId":"panel1","stencil":{"id":"SlotPanel"},"pathProperties":{"id":"id"},"xmlProperties":[],"childShapes":[{"resourceId":"work-chart1","stencil":{"id":"Component"},"pathProperties":{"label":"label","label_en_us":"i18n.en_us.label","label_de_de":"i18n.de_de.label","label_fr_fr":"i18n.fr_fr.label","label_it_it":"i18n.it_it.label","label_es_es":"i18n.es_es.label","label_i18n-key":"label","label-position":"labelAlign","tooltip":"tooltip","tooltip_en_us":"i18n.en_us.tooltip","tooltip_de_de":"i18n.de_de.tooltip","tooltip_fr_fr":"i18n.fr_fr.tooltip","tooltip_it_it":"i18n.it_it.tooltip","tooltip_es_es":"i18n.es_es.tooltip","tooltip_i18n-key":"tooltip","value":"value","default-value":"defaultValue","description":"description","description_en_us":"i18n.en_us.description","description_de_de":"i18n.de_de.description","description_fr_fr":"i18n.fr_fr.description","description_it_it":"i18n.it_it.description","description_es_es":"i18n.es_es.description","description_i18n-key":"description","col-span":"size","ignored":"ignore","ignored-run":"ignore","visible":"visible","visible-run":"visible","enabled":"enabled","enabled-run":"enabled","required":"isRequired","required-run":"isRequired","style-class":"styleClass","id":"id","feature":"extraSettings.feature","feature-run":"extraSettings.feature","filter":"extraSettings.filter","filter-run":"extraSettings.filter","fromdate":"extraSettings.from","fromdate-run":"extraSettings.from","todate":"extraSettings.to","todate-run":"extraSettings.to","subtype":"extraSettings.subtype","subtype-run":"extraSettings.subtype","groupby":"extraSettings.groupBy","groupby-run":"extraSettings.groupBy","reporttype":"extraSettings.reportType","reporttype-run":"extraSettings.reportType","calculate":"extraSettings.calculate","calculate-run":"extraSettings.calculate","scopedefinitionid":"extraSettings.scopeDefinitionId","scopedefinitionid-run":"extraSettings.scopeDefinitionId","scopedefinitionkey":"extraSettings.scopeDefinitionKey","scopedefinitionkey-run":"extraSettings.scopeDefinitionKey","showlegend":"extraSettings.showLegend","showlegend-run":"extraSettings.showLegend"},"xmlProperties":[],"childShapes":[],"bounds":{"lowerRight":{"x":492,"y":199},"upperLeft":{"x":15,"y":25}},"properties":{"stencilid":"work-chart","stencilsuperid":"Component","stencilsuperids":["Component"],"customstencil":false,"bordercolor":"#000000","notes":"","label":"Number of cases completed","label_en_us":"Number of cases completed","label_de_de":"","label_fr_fr":"","label_it_it":"","label_es_es":"","label_i18n-key":"","label-position":"top","tooltip":"","tooltip_en_us":"","tooltip_de_de":"","tooltip_fr_fr":"","tooltip_it_it":"","tooltip_es_es":"","tooltip_i18n-key":"","value":"","default-value":"","description":"","description_en_us":"","description_de_de":"","description_fr_fr":"","description_it_it":"","description_es_es":"","description_i18n-key":"","col-span":"1","ignored":false,"ignored-run":"","visible":true,"visible-run":"","enabled":true,"enabled-run":"","required":false,"required-run":"","style-class":"","documentation":"","id":"work-chart1","width":"200","height":"","col":1,"col-align":"fill","col-weight":"","row":1,"row-align":"top","row-weight":"","size":6,"description-position":"bottom","description-align":"left","node-type":"","feature":"task-instance","feature-run":"task-instance","filter":"finished","filter-run":"finished","fromdate":"P-1M","fromdate-run":"P-1M","todate":"P1D","todate-run":"P1D","subtype":"pieChart","subtype-run":"pieChart","groupby":"","groupby-run":"","reporttype":"frequency","reporttype-run":"frequency","calculate":"","calculate-run":"","scopedefinitionid":"","scopedefinitionid-run":"","scopedefinitionkey":"loanCase,loanApplication,getAdditionalIdentification,getRepayments","scopedefinitionkey-run":"loanCase,loanApplication,getAdditionalIdentification,getRepayments","showlegend":true,"showlegend-run":"","xmlTag":"workChart"},"ssextensions":[],"outgoing":[],"dockers":[],"labels":[{"styles":{"fill":"#000000","size":"12","italic":false,"bold":false},"ref":"label_text"},{"styles":{"fill":"#000000","size":"12","italic":false,"bold":false},"ref":"input_text"},{"styles":{"fill":"#000000","size":"12","italic":false,"bold":false},"ref":"desc_text"}]},{"resourceId":"work-chart3","stencil":{"id":"Component"},"pathProperties":{"label":"label","label_en_us":"i18n.en_us.label","label_de_de":"i18n.de_de.label","label_fr_fr":"i18n.fr_fr.label","label_it_it":"i18n.it_it.label","label_es_es":"i18n.es_es.label","label_i18n-key":"label","label-position":"labelAlign","tooltip":"tooltip","tooltip_en_us":"i18n.en_us.tooltip","tooltip_de_de":"i18n.de_de.tooltip","tooltip_fr_fr":"i18n.fr_fr.tooltip","tooltip_it_it":"i18n.it_it.tooltip","tooltip_es_es":"i18n.es_es.tooltip","tooltip_i18n-key":"tooltip","value":"value","default-value":"defaultValue","description":"description","description_en_us":"i18n.en_us.description","description_de_de":"i18n.de_de.description","description_fr_fr":"i18n.fr_fr.description","description_it_it":"i18n.it_it.description","description_es_es":"i18n.es_es.description","description_i18n-key":"description","col-span":"size","ignored":"ignore","ignored-run":"ignore","visible":"visible","visible-run":"visible","enabled":"enabled","enabled-run":"enabled","required":"isRequired","required-run":"isRequired","style-class":"styleClass","id":"id","feature":"extraSettings.feature","feature-run":"extraSettings.feature","filter":"extraSettings.filter","filter-run":"extraSettings.filter","fromdate":"extraSettings.from","fromdate-run":"extraSettings.from","todate":"extraSettings.to","todate-run":"extraSettings.to","subtype":"extraSettings.subtype","subtype-run":"extraSettings.subtype","groupby":"extraSettings.groupBy","groupby-run":"extraSettings.groupBy","reporttype":"extraSettings.reportType","reporttype-run":"extraSettings.reportType","calculate":"extraSettings.calculate","calculate-run":"extraSettings.calculate","scopedefinitionid":"extraSettings.scopeDefinitionId","scopedefinitionid-run":"extraSettings.scopeDefinitionId","scopedefinitionkey":"extraSettings.scopeDefinitionKey","scopedefinitionkey-run":"extraSettings.scopeDefinitionKey","showlegend":"extraSettings.showLegend","showlegend-run":"extraSettings.showLegend"},"xmlProperties":[],"childShapes":[],"bounds":{"lowerRight":{"x":984,"y":199},"upperLeft":{"x":507,"y":25}},"properties":{"stencilid":"work-chart","stencilsuperid":"Component","stencilsuperids":["Component"],"customstencil":false,"bordercolor":"#000000","notes":"","label":"Time in chart","label_en_us":"Time in chart","label_de_de":"","label_fr_fr":"","label_it_it":"","label_es_es":"","label_i18n-key":"","label-position":"top","tooltip":"","tooltip_en_us":"","tooltip_de_de":"","tooltip_fr_fr":"","tooltip_it_it":"","tooltip_es_es":"","tooltip_i18n-key":"","value":"","default-value":"","description":"","description_en_us":"","description_de_de":"","description_fr_fr":"","description_it_it":"","description_es_es":"","description_i18n-key":"","col-span":"1","ignored":false,"ignored-run":"","visible":true,"visible-run":"","enabled":true,"enabled-run":"","required":false,"required-run":"","style-class":"","documentation":"","id":"work-chart3","width":"200","height":"","col":7,"col-align":"fill","col-weight":"","row":1,"row-align":"top","row-weight":"","size":6,"description-position":"bottom","description-align":"left","node-type":"","feature":"task-instance","feature-run":"task-instance","filter":"created","filter-run":"","fromdate":"P-1M","fromdate-run":"P-1M","todate":"P1D","todate-run":"P1D","subtype":"pieChart","subtype-run":"pieChart","groupby":"","groupby-run":"","reporttype":"duration","reporttype-run":"duration","calculate":"","calculate-run":"","scopedefinitionid":"","scopedefinitionid-run":"","scopedefinitionkey":"loanCase,loanApplication,getAdditionalIdentification,getRepayments","scopedefinitionkey-run":"loanCase,loanApplication,getAdditionalIdentification,getRepayments","showlegend":true,"showlegend-run":"","xmlTag":"workChart"},"ssextensions":[],"outgoing":[],"dockers":[],"labels":[{"styles":{"fill":"#000000","size":"12","italic":false,"bold":false},"ref":"label_text"},{"styles":{"fill":"#000000","size":"12","italic":false,"bold":false},"ref":"input_text"},{"styles":{"fill":"#000000","size":"12","italic":false,"bold":false},"ref":"desc_text"}]},{"resourceId":"work-chart4","stencil":{"id":"Component"},"pathProperties":{"label":"label","label_en_us":"i18n.en_us.label","label_de_de":"i18n.de_de.label","label_fr_fr":"i18n.fr_fr.label","label_it_it":"i18n.it_it.label","label_es_es":"i18n.es_es.label","label_i18n-key":"label","label-position":"labelAlign","tooltip":"tooltip","tooltip_en_us":"i18n.en_us.tooltip","tooltip_de_de":"i18n.de_de.tooltip","tooltip_fr_fr":"i18n.fr_fr.tooltip","tooltip_it_it":"i18n.it_it.tooltip","tooltip_es_es":"i18n.es_es.tooltip","tooltip_i18n-key":"tooltip","value":"value","default-value":"defaultValue","description":"description","description_en_us":"i18n.en_us.description","description_de_de":"i18n.de_de.description","description_fr_fr":"i18n.fr_fr.description","description_it_it":"i18n.it_it.description","description_es_es":"i18n.es_es.description","description_i18n-key":"description","col-span":"size","ignored":"ignore","ignored-run":"ignore","visible":"visible","visible-run":"visible","enabled":"enabled","enabled-run":"enabled","required":"isRequired","required-run":"isRequired","style-class":"styleClass","id":"id","feature":"extraSettings.feature","feature-run":"extraSettings.feature","filter":"extraSettings.filter","filter-run":"extraSettings.filter","fromdate":"extraSettings.from","fromdate-run":"extraSettings.from","todate":"extraSettings.to","todate-run":"extraSettings.to","subtype":"extraSettings.subtype","subtype-run":"extraSettings.subtype","groupby":"extraSettings.groupBy","groupby-run":"extraSettings.groupBy","reporttype":"extraSettings.reportType","reporttype-run":"extraSettings.reportType","calculate":"extraSettings.calculate","calculate-run":"extraSettings.calculate","scopedefinitionid":"extraSettings.scopeDefinitionId","scopedefinitionid-run":"extraSettings.scopeDefinitionId","scopedefinitionkey":"extraSettings.scopeDefinitionKey","scopedefinitionkey-run":"extraSettings.scopeDefinitionKey","showlegend":"extraSettings.showLegend","showlegend-run":"extraSettings.showLegend"},"xmlProperties":[],"childShapes":[],"bounds":{"lowerRight":{"x":492,"y":398},"upperLeft":{"x":15,"y":224}},"properties":{"stencilid":"work-chart","stencilsuperid":"Component","stencilsuperids":["Component"],"customstencil":false,"bordercolor":"#000000","notes":"","label":"Processes run","label_en_us":"Processes run","label_de_de":"","label_fr_fr":"","label_it_it":"","label_es_es":"","label_i18n-key":"","label-position":"top","tooltip":"","tooltip_en_us":"","tooltip_de_de":"","tooltip_fr_fr":"","tooltip_it_it":"","tooltip_es_es":"","tooltip_i18n-key":"","value":"","default-value":"","description":"","description_en_us":"","description_de_de":"","description_fr_fr":"","description_it_it":"","description_es_es":"","description_i18n-key":"","col-span":"1","ignored":false,"ignored-run":"","visible":true,"visible-run":"","enabled":true,"enabled-run":"","required":false,"required-run":"","style-class":"","documentation":"","id":"work-chart4","width":"200","height":"","col":1,"col-align":"fill","col-weight":"","row":2,"row-align":"top","row-weight":"","size":6,"description-position":"bottom","description-align":"left","node-type":"","feature":"process-instance","feature-run":"process-instance","filter":"created","filter-run":"","fromdate":"P-1M","fromdate-run":"P-1M","todate":"P1D","todate-run":"P1D","subtype":"barGraph","subtype-run":"barGraph","groupby":"week","groupby-run":"week","reporttype":"frequency","reporttype-run":"frequency","calculate":"","calculate-run":"","scopedefinitionid":"","scopedefinitionid-run":"","scopedefinitionkey":"loanApplication,getAdditionalIdentification,getRepayments","scopedefinitionkey-run":"loanApplication,getAdditionalIdentification,getRepayments","showlegend":true,"showlegend-run":"","xmlTag":"workChart"},"ssextensions":[],"outgoing":[],"dockers":[],"labels":[{"styles":{"fill":"#000000","size":"12","italic":false,"bold":false},"ref":"label_text"},{"styles":{"fill":"#000000","size":"12","italic":false,"bold":false},"ref":"input_text"},{"styles":{"fill":"#000000","size":"12","italic":false,"bold":false},"ref":"desc_text"}]},{"resourceId":"work-chart5","stencil":{"id":"Component"},"pathProperties":{"label":"label","label_en_us":"i18n.en_us.label","label_de_de":"i18n.de_de.label","label_fr_fr":"i18n.fr_fr.label","label_it_it":"i18n.it_it.label","label_es_es":"i18n.es_es.label","label_i18n-key":"label","label-position":"labelAlign","tooltip":"tooltip","tooltip_en_us":"i18n.en_us.tooltip","tooltip_de_de":"i18n.de_de.tooltip","tooltip_fr_fr":"i18n.fr_fr.tooltip","tooltip_it_it":"i18n.it_it.tooltip","tooltip_es_es":"i18n.es_es.tooltip","tooltip_i18n-key":"tooltip","value":"value","default-value":"defaultValue","description":"description","description_en_us":"i18n.en_us.description","description_de_de":"i18n.de_de.description","description_fr_fr":"i18n.fr_fr.description","description_it_it":"i18n.it_it.description","description_es_es":"i18n.es_es.description","description_i18n-key":"description","col-span":"size","ignored":"ignore","ignored-run":"ignore","visible":"visible","visible-run":"visible","enabled":"enabled","enabled-run":"enabled","required":"isRequired","required-run":"isRequired","style-class":"styleClass","id":"id","feature":"extraSettings.feature","feature-run":"extraSettings.feature","filter":"extraSettings.filter","filter-run":"extraSettings.filter","fromdate":"extraSettings.from","fromdate-run":"extraSettings.from","todate":"extraSettings.to","todate-run":"extraSettings.to","subtype":"extraSettings.subtype","subtype-run":"extraSettings.subtype","groupby":"extraSettings.groupBy","groupby-run":"extraSettings.groupBy","reporttype":"extraSettings.reportType","reporttype-run":"extraSettings.reportType","calculate":"extraSettings.calculate","calculate-run":"extraSettings.calculate","scopedefinitionid":"extraSettings.scopeDefinitionId","scopedefinitionid-run":"extraSettings.scopeDefinitionId","scopedefinitionkey":"extraSettings.scopeDefinitionKey","scopedefinitionkey-run":"extraSettings.scopeDefinitionKey","showlegend":"extraSettings.showLegend","showlegend-run":"extraSettings.showLegend"},"xmlProperties":[],"childShapes":[],"bounds":{"lowerRight":{"x":984,"y":398},"upperLeft":{"x":507,"y":224}},"properties":{"stencilid":"work-chart","stencilsuperid":"Component","stencilsuperids":["Component"],"customstencil":false,"bordercolor":"#000000","notes":"","label":"Cases started","label_en_us":"Cases started","label_de_de":"","label_fr_fr":"","label_it_it":"","label_es_es":"","label_i18n-key":"","label-position":"top","tooltip":"","tooltip_en_us":"","tooltip_de_de":"","tooltip_fr_fr":"","tooltip_it_it":"","tooltip_es_es":"","tooltip_i18n-key":"","value":"","default-value":"","description":"","description_en_us":"","description_de_de":"","description_fr_fr":"","description_it_it":"","description_es_es":"","description_i18n-key":"","col-span":"1","ignored":false,"ignored-run":"","visible":true,"visible-run":"","enabled":true,"enabled-run":"","required":false,"required-run":"","style-class":"","documentation":"","id":"work-chart5","width":"200","height":"","col":7,"col-align":"fill","col-weight":"","row":2,"row-align":"top","row-weight":"","size":6,"description-position":"bottom","description-align":"left","node-type":"","feature":"case-instance","feature-run":"case-instance","filter":"created","filter-run":"","fromdate":"P-1M","fromdate-run":"P-1M","todate":"P1D","todate-run":"P1D","subtype":"barGraph","subtype-run":"barGraph","groupby":"week","groupby-run":"week","reporttype":"frequency","reporttype-run":"frequency","calculate":"","calculate-run":"","scopedefinitionid":"","scopedefinitionid-run":"","scopedefinitionkey":"loanCase","scopedefinitionkey-run":"loanCase","showlegend":true,"showlegend-run":"","xmlTag":"workChart"},"ssextensions":[],"outgoing":[],"dockers":[],"labels":[{"styles":{"fill":"#000000","size":"12","italic":false,"bold":false},"ref":"label_text"},{"styles":{"fill":"#000000","size":"12","italic":false,"bold":false},"ref":"input_text"},{"styles":{"fill":"#000000","size":"12","italic":false,"bold":false},"ref":"desc_text"}]}],"bounds":{"lowerRight":{"x":1049,"y":473},"upperLeft":{"x":50,"y":50}},"oldResourceId":"sid-8D9FC954-EB33-4C05-ADF0-5706EF50E974","properties":{"stencilid":"SlotPanel","stencilsuperid":"SlotPanel","stencilsuperids":["SlotPanel"],"customstencil":false,"id":"panel1","notes":"","width":"300"},"ssextensions":[],"outgoing":[],"dockers":[]}],"bounds":{"lowerRight":{"x":1485,"y":1050},"upperLeft":{"x":0,"y":0}},"outputmappingproperties":{"outcomes":{"type":"complex","placeholders":[]},"datamodel":{"type":"complex","placeholders":[]}},"properties":{"stencilid":"XForm","stencilsuperid":"XForm","stencilsuperids":["XForm"],"customstencil":false,"id":"loansStatistics","notes":"","name":"Loans statistics","guid":"PAGE_MODEL-9b1ffc96-241b-4b2f-a92b-0bd1bef8af2e","creationdate":"2019-08-20T11:04:36.052Z","modificationdate":"2019-08-20T11:15:56.858Z","outcomes":"","outcomevariablename":"","datamodel":"","dialog-size":"","dialog-title":"","dialog-description":"","description":""},"ssextensions":[],"stencilset":{"url":"./app/editor_stencilset","paletteKey":"flowable-page-palette","namespace":"http://b3mn.org/stencilset/pages#"}}}