{"id":"APP_MODEL-5006a248-d81f-4d2e-b17c-1543cd087cd3","name":"Loan App","key":"loanApp","description":"Example app for a Flowable Work tutorial","editorJson":{"models":[{"id":"PROCESS_MODEL-3b3da565-2361-48af-b4eb-852b5e4a0dea","name":"Get additional identification","version":1,"modelType":0,"description":null,"stencilSetId":null,"createdBy":"9d6cab2a-3fa9-419d-bc7b-1f2592b5cf92","lastUpdatedBy":"9d6cab2a-3fa9-419d-bc7b-1f2592b5cf92","lastUpdated":"2019-09-23T09:52:55.907+0000","key":"getAdditionalIdentification"}],"cmmnModels":[{"id":"CASE_MODEL-c4f15c86-6556-451f-80fd-bac85663868e","name":"Loan case","version":5,"modelType":5,"description":"","stencilSetId":null,"createdBy":"9d6cab2a-3fa9-419d-bc7b-1f2592b5cf92","lastUpdatedBy":"9d6cab2a-3fa9-419d-bc7b-1f2592b5cf92","lastUpdated":"2019-09-23T10:43:35.341+0000","key":"loanCase"}],"formModels":[],"dmnModels":[],"workModels":[{"id":"DOCUMENT_MODEL-ed724236-e1ae-4e2f-a636-bbff7a61ebc1","name":"Birth certificate","version":1,"modelType":7,"description":null,"stencilSetId":null,"createdBy":"9d6cab2a-3fa9-419d-bc7b-1f2592b5cf92","lastUpdatedBy":"9d6cab2a-3fa9-419d-bc7b-1f2592b5cf92","lastUpdated":"2019-09-23T09:52:55.797+0000","key":"birthCertificate"},{"id":"DOCUMENT_MODEL-81ce3e2f-07b9-43b0-97a5-a599771e42b8","name":"Driving license","version":1,"modelType":7,"description":null,"stencilSetId":null,"createdBy":"9d6cab2a-3fa9-419d-bc7b-1f2592b5cf92","lastUpdatedBy":"9d6cab2a-3fa9-419d-bc7b-1f2592b5cf92","lastUpdated":"2019-09-23T09:52:55.816+0000","key":"drivingLicense"},{"id":"DOCUMENT_MODEL-012bfc07-f11f-41bd-afc8-a01120c9141b","name":"Other ID","version":1,"modelType":7,"description":null,"stencilSetId":null,"createdBy":"9d6cab2a-3fa9-419d-bc7b-1f2592b5cf92","lastUpdatedBy":"9d6cab2a-3fa9-419d-bc7b-1f2592b5cf92","lastUpdated":"2019-09-23T09:52:55.803+0000","key":"otherID"},{"id":"DOCUMENT_MODEL-9524ac7c-6828-4a41-9913-aeecdf85fce7","name":"Passport","version":1,"modelType":7,"description":null,"stencilSetId":null,"createdBy":"9d6cab2a-3fa9-419d-bc7b-1f2592b5cf92","lastUpdatedBy":"9d6cab2a-3fa9-419d-bc7b-1f2592b5cf92","lastUpdated":"2019-09-23T09:52:55.808+0000","key":"passport"},{"id":"DOCUMENT_MODEL-6f31e954-ed1a-4ddf-a3fe-5698d0bc011f","name":"Staff photo","version":1,"modelType":7,"description":null,"stencilSetId":null,"createdBy":"9d6cab2a-3fa9-419d-bc7b-1f2592b5cf92","lastUpdatedBy":"9d6cab2a-3fa9-419d-bc7b-1f2592b5cf92","lastUpdated":"2019-09-23T09:52:55.820+0000","key":"staffPhoto"},{"id":"DOCUMENT_MODEL-858e9d64-9c5e-44a4-89ef-ff535b8ddbe9","name":"Wedding certificate","version":1,"modelType":7,"description":null,"stencilSetId":null,"createdBy":"9d6cab2a-3fa9-419d-bc7b-1f2592b5cf92","lastUpdatedBy":"9d6cab2a-3fa9-419d-bc7b-1f2592b5cf92","lastUpdated":"2019-09-23T09:52:55.825+0000","key":"weddingCertificate"},{"id":"ACTION_MODEL-2ddf851b-2fb4-45e7-9298-f95269e067b7","name":"Add identity check","version":1,"modelType":6,"description":null,"stencilSetId":null,"createdBy":"9d6cab2a-3fa9-419d-bc7b-1f2592b5cf92","lastUpdatedBy":"9d6cab2a-3fa9-419d-bc7b-1f2592b5cf92","lastUpdated":"2019-09-23T09:52:55.793+0000","key":"addIdentityCheck"}],"pages":[{"id":"PAGE_MODEL-9ab23712-b926-4ebb-aaff-2bf1e4cae7ce","name":"Loans dashboard","version":1,"modelType":9,"description":"","stencilSetId":null,"createdBy":"9d6cab2a-3fa9-419d-bc7b-1f2592b5cf92","lastUpdatedBy":"9d6cab2a-3fa9-419d-bc7b-1f2592b5cf92","lastUpdated":"2019-09-23T09:52:55.772+0000","key":"loansDashboard","accessPermissions":"","label":"Loans dashboard","url":"loansDashboard"},{"id":"PAGE_MODEL-9b1ffc96-241b-4b2f-a92b-0bd1bef8af2e","name":"Loans statistics","version":1,"modelType":9,"description":"","stencilSetId":null,"createdBy":"9d6cab2a-3fa9-419d-bc7b-1f2592b5cf92","lastUpdatedBy":"9d6cab2a-3fa9-419d-bc7b-1f2592b5cf92","lastUpdated":"2019-09-23T09:52:55.777+0000","key":"loansStatistics","accessPermissions":"","label":"Loans statistics","url":"loansStatistics"}],"theme":"theme-6","icon":"glyphicon-usd","flowApp":false,"url":"loanApp","order":20}}