{"description": "A Star Wars film", "properties": {"starships": {"type": "array", "description": "The starship resources featured within this film."}, "species": {"type": "array", "description": "The species resources featured within this film."}, "episode_id": {"type": "integer", "description": "The episode number of this film."}, "producer": {"type": "string", "description": "The producer(s) of this film."}, "edited": {"type": "string", "format": "date-time", "description": "the ISO 8601 date format of the time that this resource was edited."}, "created": {"type": "string", "format": "date-time", "description": "The ISO 8601 date format of the time that this resource was created."}, "opening_crawl": {"type": "string", "description": "The opening crawl text at the beginning of this film."}, "director": {"type": "string", "description": "The director of this film."}, "release_date": {"type": "string", "format": "date", "description": "The release date at original creator country."}, "title": {"type": "string", "description": "The title of this film."}, "planets": {"type": "array", "description": "The planet resources featured within this film."}, "vehicles": {"type": "array", "description": "The vehicle resources featured within this film."}, "url": {"type": "string", "format": "uri", "description": "The url of this resource"}, "characters": {"type": "array", "description": "The people resources featured within this film."}}, "title": "Film", "type": "object", "$schema": "http://json-schema.org/draft-04/schema", "required": ["title", "episode_id", "opening_crawl", "director", "producer", "release_date", "characters", "planets", "starships", "vehicles", "species", "url", "created", "edited"]}