{"description": "A person within the Star Wars universe", "properties": {"eye_color": {"type": "string", "description": "The eye color of this person."}, "height": {"type": "string", "description": "The height of this person in meters."}, "starships": {"type": "array", "description": "An array of starship resources that this person has piloted"}, "gender": {"type": "string", "description": "The gender of this person (if known)."}, "vehicles": {"type": "array", "description": "An array of vehicle resources that this person has piloted"}, "edited": {"type": "string", "format": "date-time", "description": "the ISO 8601 date format of the time that this resource was edited."}, "created": {"type": "string", "format": "date-time", "description": "The ISO 8601 date format of the time that this resource was created."}, "mass": {"type": "string", "description": "The mass of this person in kilograms."}, "hair_color": {"type": "string", "description": "The hair color of this person."}, "skin_color": {"type": "string", "description": "The skin color of this person."}, "name": {"type": "string", "description": "The name of this person."}, "species": {"type": "array", "description": "The url of the species resource that this person is."}, "birth_year": {"type": "string", "description": "The birth year of this person. BBY (Before the Battle of Yavin) or ABY (After the Battle of Yavin)."}, "url": {"type": "string", "format": "uri", "description": "The url of this resource"}, "homeworld": {"type": "string", "description": "The url of the planet resource that this person was born on."}, "films": {"type": "array", "description": "An array of urls of film resources that this person has been in."}}, "title": "People", "type": "object", "$schema": "http://json-schema.org/draft-04/schema", "required": ["name", "height", "mass", "hair_color", "skin_color", "eye_color", "birth_year", "gender", "homeworld", "films", "species", "vehicles", "starships", "url", "created", "edited"]}