{"description": "A planet.", "properties": {"diameter": {"type": "string", "description": "The diameter of this planet in kilometers."}, "rotation_period": {"type": "string", "description": "The number of standard hours it takes for this planet to complete a single rotation on its axis."}, "edited": {"type": "string", "format": "date-time", "description": "the ISO 8601 date format of the time that this resource was edited."}, "created": {"type": "string", "format": "date-time", "description": "The ISO 8601 date format of the time that this resource was created."}, "orbital_period": {"type": "string", "description": "The number of standard days it takes for this planet to complete a single orbit of its local star."}, "terrain": {"type": "string", "description": "the terrain of this planet. Comma-seperated if diverse."}, "gravity": {"type": "string", "description": "A number denoting the gravity of this planet. Where 1 is normal."}, "surface_water": {"type": "string", "description": "The percentage of the planet surface that is naturally occuring water or bodies of water."}, "name": {"type": "string", "description": "The name of this planet."}, "residents": {"type": "array", "description": "An array of People URL Resources that live on this planet."}, "climate": {"type": "string", "description": "The climate of this planet. Comma-seperated if diverse."}, "url": {"type": "string", "format": "uri", "description": "The hypermedia URL of this resource."}, "population": {"type": "string", "description": "The average populationof sentient beings inhabiting this planet."}, "films": {"type": "array", "description": "An array of Film URL Resources that this planet has appeared in."}}, "title": "Planet", "type": "object", "$schema": "http://json-schema.org/draft-04/schema", "required": ["name", "rotation_period", "orbital_period", "diameter", "climate", "gravity", "terrain", "surface_water", "population", "residents", "films", "created", "edited", "url"]}