{"id":"CASE_MODEL-c4f15c86-6556-451f-80fd-bac85663868e","name":"Loan case","key":"loanCase","description":"","editorJson":{"resourceId":"editor_CASE_MODEL-c4f15c86-6556-451f-80fd-bac85663868e","stencil":{"id":"CASEDiagram"},"pathProperties":{},"xmlProperties":[],"childShapes":[{"resourceId":"onecaseplanmodel1","stencil":{"id":"CasePlanModel"},"pathProperties":{},"xmlProperties":["planitemlifecyclelisteners","autocomplete","autocomplete-run"],"childShapes":[{"resourceId":"expandedStage1","stencil":{"id":"ExpandedStage"},"pathProperties":{},"xmlProperties":["planitemlifecyclelisteners","autocomplete","autocomplete-run","statevisible","statevisible-run","visualizationorder"],"childShapes":[{"resourceId":"processTask1","stencil":{"id":"Task"},"pathProperties":{},"xmlProperties":["planitemlifecyclelisteners","exposetoobjectitems","exposeasmessageitems","processname","processname_en_us","processname_de_de","processname_fr_fr","processname_it_it","processname_es_es","processname_i18n-key"],"childShapes":[],"bounds":{"lowerRight":{"x":130,"y":125},"upperLeft":{"x":30,"y":45}},"specialproperties":{"startformreference":{"type":"treeview","placeholder":"startformkey"},"entry":{"type":"treeview","placeholder":"processentry"}},"outputmappingproperties":{"planitemlifecyclelisteners":{"type":"complex","placeholders":[]},"exposetoobjectitems":{"type":"complex","placeholders":[]},"exposeasmessageitems":{"type":"complex","placeholders":[]},"in":{"type":"complex","placeholders":[]},"out":{"type":"complex","placeholders":[]}},"properties":{"stencilid":"ProcessTask","stencilsuperid":"Task","stencilsuperids":["Task"],"customstencil":false,"bordercolor":"#000000","notes":"","planitemlifecyclelisteners":"","required":false,"required-run":"","repetition":false,"repetition-run":"","repetitioncountervariablename":"repetitionCounter","manualactivation":false,"manualactivation-run":"","startformreference":"","startformkey":"","startformfieldvalidation":false,"formfieldvalidation-run":"","manualactivationpermissiongroups":"","manualactivationpermissiongroups-run":"","manualactivationname":"","manualactivationname-run":"","manualactivationchannels":"","manualactivationchannels-run":"","completionneutral":false,"completionneutral-run":"","bgcolor":"#ffffff","isblocking":true,"isblocking-run":"","id":"processTask1","name":"Application process","name_en_us":"Application process","name_de_de":"","name_fr_fr":"","name_it_it":"","name_es_es":"","name_i18n-key":"","description":"","fontsize":"12","fontweight":"normal","fontstyle":"normal","fontcolor":"#000000","async":false,"exclusive":true,"exposetoobjectitems":"","exposeasmessageitems":"","in":{"totalCount":1,"items":[{"source":"fullName","target":"fullName"}]},"out":{"totalCount":1,"items":[{"source":"loan_outcome","target":"loanDecision"}]},"isdiscretionary":false,"applicabilityrule":"","tasktype":"process","entry":"PROCESS_MODEL-774b405b-fb0f-45a0-9613-8317a513abd5","processentry-run":"","processentry":"loanApplication","processname":"","processname_en_us":"","processname_de_de":"","processname_fr_fr":"","processname_it_it":"","processname_es_es":"","processname_i18n-key":"","processid":"","fallback-to-default-tenant":true,"business-key":"","inherit-business-key":false},"ssextensions":[],"outgoing":[],"dockers":[],"labels":[{"styles":{"fill":"#000000","size":"12","italic":false,"bold":false},"ref":"text_name"}]},{"resourceId":"userEventListener1","stencil":{"id":"EventListener"},"pathProperties":{},"xmlProperties":["planitemlifecyclelisteners","exposetoobjectitems","exposeasmessageitems"],"childShapes":[],"bounds":{"lowerRight":{"x":289.249,"y":100.25049999999999},"upperLeft":{"x":258.75100000000003,"y":69.7495}},"specialproperties":{"startformreference":{"type":"treeview","placeholder":"startformkey"}},"outputmappingproperties":{"planitemlifecyclelisteners":{"type":"complex","placeholders":[]},"exposetoobjectitems":{"type":"complex","placeholders":[]},"exposeasmessageitems":{"type":"complex","placeholders":[]}},"properties":{"stencilid":"UserEventListener","stencilsuperid":"EventListener","stencilsuperids":["EventListener"],"customstencil":false,"bordercolor":"#000000","notes":"","required":false,"required-run":"","repetition":false,"repetition-run":"","repetitioncountervariablename":"repetitionCounter","manualactivation":"","startformreference":"FORM_MODEL-2a615a20-6a38-4ee8-b182-60081cde2907","startformkey":"reason","startformfieldvalidation":false,"formfieldvalidation-run":"","manualactivationpermissiongroups":"","manualactivationpermissiongroups-run":"","manualactivationname":"","manualactivationname-run":"","manualactivationchannels":"","manualactivationchannels-run":"","completionneutral":false,"completionneutral-run":"","planitemlifecyclelisteners":"","bgcolor":"#ffffff","exposetoobjectitems":"","exposeasmessageitems":"","id":"userEventListener1","name":"Abandon application","name_en_us":"Abandon application","name_de_de":"","name_fr_fr":"","name_it_it":"","name_es_es":"","name_i18n-key":"","description":"","fontsize":"12","fontweight":"normal","fontstyle":"normal","fontcolor":"#000000","availablecondition":"","availablecondition-run":"","eventlistenerpermissiongroups":"","eventlistenerpermissiongroups-run":"","eventlistenername":"","eventlistenername-run":"","eventlistenerchannels":"","eventlistenerchannels-run":"","type":"","type-run":""},"ssextensions":[],"outgoing":[{"resourceId":"connector3"}],"dockers":[{"x":274,"y":85}],"labels":[{"styles":{"fill":"#000000","size":"12","italic":false,"bold":false},"ref":"text_name"}]}],"bounds":{"lowerRight":{"x":431,"y":231},"upperLeft":{"x":61,"y":61}},"specialproperties":{"startformreference":{"type":"treeview","placeholder":"startformkey"}},"outputmappingproperties":{"planitemlifecyclelisteners":{"type":"complex","placeholders":[]}},"properties":{"stencilid":"ExpandedStage","stencilsuperid":"ExpandedStage","stencilsuperids":["ExpandedStage"],"customstencil":false,"bordercolor":"#000000","notes":"","required":false,"required-run":"","repetition":false,"repetition-run":"","repetitioncountervariablename":"repetitionCounter","manualactivation":false,"manualactivation-run":"","startformreference":"","startformkey":"","startformfieldvalidation":false,"formfieldvalidation-run":"","manualactivationpermissiongroups":"","manualactivationpermissiongroups-run":"","manualactivationname":"","manualactivationname-run":"","manualactivationchannels":"","manualactivationchannels-run":"","completionneutral":false,"completionneutral-run":"","planitemlifecyclelisteners":"","bgcolor":"#ffffff","id":"expandedStage1","name":"Applying for loan","name_en_us":"Applying for loan","name_de_de":"","name_fr_fr":"","name_it_it":"","name_es_es":"","name_i18n-key":"","description":"","fontsize":"12","fontweight":"normal","fontstyle":"normal","fontcolor":"#000000","isdiscretionary":false,"applicabilityrule":"","autocomplete":true,"autocomplete-run":"","statevisible":true,"statevisible-run":"","visualizationorder":""},"ssextensions":[],"outgoing":[{"resourceId":"connector1"}],"dockers":[],"labels":[{"styles":{"fill":"#000000","size":"12","italic":false,"bold":false},"ref":"text_name"}]},{"resourceId":"expandedStage2","stencil":{"id":"ExpandedStage"},"pathProperties":{},"xmlProperties":["planitemlifecyclelisteners","autocomplete","autocomplete-run","statevisible","statevisible-run","visualizationorder"],"childShapes":[{"resourceId":"processTask2","stencil":{"id":"Task"},"pathProperties":{},"xmlProperties":["planitemlifecyclelisteners","exposetoobjectitems","exposeasmessageitems","processname","processname_en_us","processname_de_de","processname_fr_fr","processname_it_it","processname_es_es","processname_i18n-key"],"childShapes":[],"bounds":{"lowerRight":{"x":129.5,"y":125},"upperLeft":{"x":29.5,"y":45}},"specialproperties":{"startformreference":{"type":"treeview","placeholder":"startformkey"},"entry":{"type":"treeview","placeholder":"processentry"}},"outputmappingproperties":{"planitemlifecyclelisteners":{"type":"complex","placeholders":[]},"exposetoobjectitems":{"type":"complex","placeholders":[]},"exposeasmessageitems":{"type":"complex","placeholders":[]},"in":{"type":"complex","placeholders":[]},"out":{"type":"complex","placeholders":[]}},"properties":{"stencilid":"ProcessTask","stencilsuperid":"Task","stencilsuperids":["Task"],"customstencil":false,"bordercolor":"#000000","notes":"","planitemlifecyclelisteners":"","required":false,"required-run":"","repetition":false,"repetition-run":"","repetitioncountervariablename":"repetitionCounter","manualactivation":false,"manualactivation-run":"","startformreference":"","startformkey":"","startformfieldvalidation":false,"formfieldvalidation-run":"","manualactivationpermissiongroups":"","manualactivationpermissiongroups-run":"","manualactivationname":"","manualactivationname-run":"","manualactivationchannels":"","manualactivationchannels-run":"","completionneutral":false,"completionneutral-run":"","bgcolor":"#ffffff","isblocking":true,"isblocking-run":"","id":"processTask2","name":"Get repayments","name_en_us":"Get repayments","name_de_de":"","name_fr_fr":"","name_it_it":"","name_es_es":"","name_i18n-key":"","description":"","fontsize":"12","fontweight":"normal","fontstyle":"normal","fontcolor":"#000000","async":false,"exclusive":true,"exposetoobjectitems":"","exposeasmessageitems":"","in":"","out":"","isdiscretionary":false,"applicabilityrule":"","tasktype":"process","entry":"PROCESS_MODEL-c6128073-10e0-4094-b8b1-23c0fd3a76fe","processentry-run":"","processentry":"getRepayments","processname":"","processname_en_us":"","processname_de_de":"","processname_fr_fr":"","processname_it_it":"","processname_es_es":"","processname_i18n-key":"","processid":"","fallback-to-default-tenant":true,"business-key":"","inherit-business-key":false},"ssextensions":[],"outgoing":[{"resourceId":"connector6"},{"resourceId":"exitCriterion5"}],"dockers":[],"labels":[{"styles":{"fill":"#000000","size":"12","italic":false,"bold":false},"ref":"text_name"}]},{"resourceId":"humanTask1","stencil":{"id":"Task"},"pathProperties":{},"xmlProperties":["planitemlifecyclelisteners","exposetoobjectitems","exposeasmessageitems","exposehumantaskasmessageitems","exposehumantasktoobjectitems"],"childShapes":[],"bounds":{"lowerRight":{"x":324,"y":125},"upperLeft":{"x":224,"y":45}},"specialproperties":{"startformreference":{"type":"treeview","placeholder":"startformkey"},"form_entry":{"type":"treeview","placeholder":"formentry"},"securitypolicy":{"type":"treeview","placeholder":"securitypolicymodel"}},"outputmappingproperties":{"planitemlifecyclelisteners":{"type":"complex","placeholders":[]},"exposetoobjectitems":{"type":"complex","placeholders":[]},"exposeasmessageitems":{"type":"complex","placeholders":[]},"exposehumantaskasmessageitems":{"type":"complex","placeholders":[]},"exposehumantasktoobjectitems":{"type":"complex","placeholders":[]},"tasklistener":{"type":"complex","placeholders":[]}},"properties":{"stencilid":"HumanTask","stencilsuperid":"Task","stencilsuperids":["Task"],"customstencil":false,"bordercolor":"#000000","notes":"","planitemlifecyclelisteners":"","required":false,"required-run":"","repetition":false,"repetition-run":"","repetitioncountervariablename":"repetitionCounter","manualactivation":true,"manualactivation-run":"","startformreference":"","startformkey":"","startformfieldvalidation":false,"formfieldvalidation-run":"","manualactivationpermissiongroups":"","manualactivationpermissiongroups-run":"","manualactivationname":"","manualactivationname-run":"","manualactivationchannels":"","manualactivationchannels-run":"","completionneutral":false,"completionneutral-run":"","bgcolor":"#ffffff","isblocking":true,"isblocking-run":"","id":"humanTask1","name":"Repay early","name_en_us":"Repay early","name_de_de":"","name_fr_fr":"","name_it_it":"","name_es_es":"","name_i18n-key":"","description":"","fontsize":"12","fontweight":"normal","fontstyle":"normal","fontcolor":"#000000","async":false,"exclusive":true,"exposetoobjectitems":"","exposeasmessageitems":"","exposehumantaskasmessageitems":"","exposehumantasktoobjectitems":"","owner":"","owner-run":"","assignee":"","assignee-run":"${initiator}","candidateusers":"","candidateusers-run":"","candidategroups":"","candidategroups-run":"","participantusers":"","participantusers-run":"","participantgroups":"","participantgroups-run":"","watcherusers":"","watcherusers-run":"","watchergroups":"","watchergroups-run":"","isdiscretionary":false,"applicabilityrule":"","tasktype":"human","form_entry":"FORM_MODEL-33233e3e-db7d-4359-a18d-f98ee09870ec","formentry":"repaymentDetails","formfieldvalidation":false,"taskid":"","securitypolicy":"","securitypolicymodel":"","priority":"","duedate":"","tasklistener":"","customfolderpath":"","categorydefinition":""},"ssextensions":[],"outgoing":[{"resourceId":"exitCriterion4"},{"resourceId":"connector7"}],"dockers":[],"labels":[{"styles":{"fill":"#000000","size":"12","italic":false,"bold":false},"ref":"text_name"}]},{"resourceId":"exitCriterion4","stencil":{"id":"ExitCriterion"},"pathProperties":{},"xmlProperties":[],"childShapes":[],"bounds":{"lowerRight":{"x":233,"y":99},"upperLeft":{"x":215,"y":71}},"properties":{"stencilid":"ExitCriterion","stencilsuperid":"ExitCriterion","stencilsuperids":["ExitCriterion"],"customstencil":false,"fontsize":"12","notes":"","fontweight":"normal","fontstyle":"normal","fontcolor":"#000000","id":"exitCriterion4","name":"","name_en_us":"","name_de_de":"","name_fr_fr":"","name_it_it":"","name_es_es":"","name_i18n-key":"","description":"","condition":"","triggermode":"deferred"},"ssextensions":[],"outgoing":[],"dockers":[{"x":9,"y":40}]},{"resourceId":"exitCriterion5","stencil":{"id":"ExitCriterion"},"pathProperties":{},"xmlProperties":[],"childShapes":[],"bounds":{"lowerRight":{"x":106.5,"y":139},"upperLeft":{"x":88.5,"y":111}},"properties":{"stencilid":"ExitCriterion","stencilsuperid":"ExitCriterion","stencilsuperids":["ExitCriterion"],"customstencil":false,"fontsize":"12","notes":"","fontweight":"normal","fontstyle":"normal","fontcolor":"#000000","id":"exitCriterion5","name":"","name_en_us":"","name_de_de":"","name_fr_fr":"","name_it_it":"","name_es_es":"","name_i18n-key":"","description":"","condition":"","triggermode":"deferred"},"ssextensions":[],"outgoing":[],"dockers":[{"x":68,"y":88}]}],"bounds":{"lowerRight":{"x":431,"y":460},"upperLeft":{"x":61,"y":290}},"specialproperties":{"startformreference":{"type":"treeview","placeholder":"startformkey"}},"outputmappingproperties":{"planitemlifecyclelisteners":{"type":"complex","placeholders":[]}},"properties":{"stencilid":"ExpandedStage","stencilsuperid":"ExpandedStage","stencilsuperids":["ExpandedStage"],"customstencil":false,"bordercolor":"#000000","notes":"","required":false,"required-run":"","repetition":false,"repetition-run":"","repetitioncountervariablename":"repetitionCounter","manualactivation":false,"manualactivation-run":"","startformreference":"","startformkey":"","startformfieldvalidation":false,"formfieldvalidation-run":"","manualactivationpermissiongroups":"","manualactivationpermissiongroups-run":"","manualactivationname":"","manualactivationname-run":"","manualactivationchannels":"","manualactivationchannels-run":"","completionneutral":false,"completionneutral-run":"","planitemlifecyclelisteners":"","bgcolor":"#ffffff","id":"expandedStage2","name":"Managing loan","name_en_us":"Managing loan","name_de_de":"","name_fr_fr":"","name_it_it":"","name_es_es":"","name_i18n-key":"","description":"","fontsize":"12","fontweight":"normal","fontstyle":"normal","fontcolor":"#000000","isdiscretionary":false,"applicabilityrule":"","autocomplete":true,"autocomplete-run":"","statevisible":true,"statevisible-run":"","visualizationorder":""},"ssextensions":[],"outgoing":[{"resourceId":"entryCriterion1"},{"resourceId":"connector2"}],"dockers":[],"labels":[{"styles":{"fill":"#000000","size":"12","italic":false,"bold":false},"ref":"text_name"}]},{"resourceId":"expandedStage3","stencil":{"id":"ExpandedStage"},"pathProperties":{},"xmlProperties":["planitemlifecyclelisteners","autocomplete","autocomplete-run","statevisible","statevisible-run","visualizationorder"],"childShapes":[{"resourceId":"humanTask2","stencil":{"id":"Task"},"pathProperties":{},"xmlProperties":["planitemlifecyclelisteners","exposetoobjectitems","exposeasmessageitems","exposehumantaskasmessageitems","exposehumantasktoobjectitems"],"childShapes":[],"bounds":{"lowerRight":{"x":233.5,"y":125},"upperLeft":{"x":133.5,"y":45}},"specialproperties":{"startformreference":{"type":"treeview","placeholder":"startformkey"},"form_entry":{"type":"treeview","placeholder":"formentry"},"securitypolicy":{"type":"treeview","placeholder":"securitypolicymodel"}},"outputmappingproperties":{"planitemlifecyclelisteners":{"type":"complex","placeholders":[]},"exposetoobjectitems":{"type":"complex","placeholders":[]},"exposeasmessageitems":{"type":"complex","placeholders":[]},"exposehumantaskasmessageitems":{"type":"complex","placeholders":[]},"exposehumantasktoobjectitems":{"type":"complex","placeholders":[]},"tasklistener":{"type":"complex","placeholders":[]}},"properties":{"stencilid":"HumanTask","stencilsuperid":"Task","stencilsuperids":["Task"],"customstencil":false,"bordercolor":"#000000","notes":"","planitemlifecyclelisteners":"","required":false,"required-run":"","repetition":false,"repetition-run":"","repetitioncountervariablename":"repetitionCounter","manualactivation":false,"manualactivation-run":"","startformreference":"","startformkey":"","startformfieldvalidation":false,"formfieldvalidation-run":"","manualactivationpermissiongroups":"","manualactivationpermissiongroups-run":"","manualactivationname":"","manualactivationname-run":"","manualactivationchannels":"","manualactivationchannels-run":"","completionneutral":false,"completionneutral-run":"","bgcolor":"#ffffff","isblocking":true,"isblocking-run":"","id":"humanTask2","name":"Give closing statement","name_en_us":"Give closing statement","name_de_de":"","name_fr_fr":"","name_it_it":"","name_es_es":"","name_i18n-key":"","description":"","fontsize":"12","fontweight":"normal","fontstyle":"normal","fontcolor":"#000000","async":false,"exclusive":true,"exposetoobjectitems":"","exposeasmessageitems":"","exposehumantaskasmessageitems":"","exposehumantasktoobjectitems":"","owner":"","owner-run":"","assignee":"","assignee-run":"${initiator}","candidateusers":"","candidateusers-run":"","candidategroups":"","candidategroups-run":"","participantusers":"","participantusers-run":"","participantgroups":"","participantgroups-run":"","watcherusers":"","watcherusers-run":"","watchergroups":"","watchergroups-run":"","isdiscretionary":false,"applicabilityrule":"","tasktype":"human","form_entry":"","formentry":"","formfieldvalidation":false,"taskid":"","securitypolicy":"","securitypolicymodel":"","priority":"","duedate":"","tasklistener":"","customfolderpath":"","categorydefinition":""},"ssextensions":[],"outgoing":[],"dockers":[],"labels":[{"styles":{"fill":"#000000","size":"12","italic":false,"bold":false},"ref":"text_name"}]}],"bounds":{"lowerRight":{"x":431,"y":680},"upperLeft":{"x":61,"y":510}},"specialproperties":{"startformreference":{"type":"treeview","placeholder":"startformkey"}},"outputmappingproperties":{"planitemlifecyclelisteners":{"type":"complex","placeholders":[]}},"properties":{"stencilid":"ExpandedStage","stencilsuperid":"ExpandedStage","stencilsuperids":["ExpandedStage"],"customstencil":false,"bordercolor":"#000000","notes":"","required":false,"required-run":"","repetition":false,"repetition-run":"","repetitioncountervariablename":"repetitionCounter","manualactivation":false,"manualactivation-run":"","startformreference":"","startformkey":"","startformfieldvalidation":false,"formfieldvalidation-run":"","manualactivationpermissiongroups":"","manualactivationpermissiongroups-run":"","manualactivationname":"","manualactivationname-run":"","manualactivationchannels":"","manualactivationchannels-run":"","completionneutral":false,"completionneutral-run":"","planitemlifecyclelisteners":"","bgcolor":"#ffffff","id":"expandedStage3","name":"Closing loan","name_en_us":"Closing loan","name_de_de":"","name_fr_fr":"","name_it_it":"","name_es_es":"","name_i18n-key":"","description":"","fontsize":"12","fontweight":"normal","fontstyle":"normal","fontcolor":"#000000","isdiscretionary":false,"applicabilityrule":"","autocomplete":false,"autocomplete-run":"","statevisible":true,"statevisible-run":"","visualizationorder":""},"ssextensions":[],"outgoing":[{"resourceId":"entryCriterion2"}],"dockers":[],"labels":[{"styles":{"fill":"#000000","size":"12","italic":false,"bold":false},"ref":"text_name"}]},{"resourceId":"entryCriterion1","stencil":{"id":"EntryCriterion"},"pathProperties":{},"xmlProperties":[],"childShapes":[],"bounds":{"lowerRight":{"x":254,"y":304},"upperLeft":{"x":236,"y":276}},"properties":{"stencilid":"EntryCriterion","stencilsuperid":"EntryCriterion","stencilsuperids":["EntryCriterion"],"customstencil":false,"fontsize":"12","notes":"","fontweight":"normal","fontstyle":"normal","fontcolor":"#000000","id":"entryCriterion1","name":"","name_en_us":"","name_de_de":"","name_fr_fr":"","name_it_it":"","name_es_es":"","name_i18n-key":"","description":"","condition":"${vars:getOrDefault('loanDecision', null) == 'accept'}","triggermode":"deferred"},"ssextensions":[],"outgoing":[],"dockers":[{"x":184,"y":13}]},{"resourceId":"entryCriterion2","stencil":{"id":"EntryCriterion"},"pathProperties":{},"xmlProperties":[],"childShapes":[],"bounds":{"lowerRight":{"x":255,"y":524},"upperLeft":{"x":237,"y":496}},"properties":{"stencilid":"EntryCriterion","stencilsuperid":"EntryCriterion","stencilsuperids":["EntryCriterion"],"customstencil":false,"fontsize":"12","notes":"","fontweight":"normal","fontstyle":"normal","fontcolor":"#000000","id":"entryCriterion2","name":"","name_en_us":"","name_de_de":"","name_fr_fr":"","name_it_it":"","name_es_es":"","name_i18n-key":"","description":"","condition":"","triggermode":"deferred"},"ssextensions":[],"outgoing":[],"dockers":[{"x":185,"y":13}]}],"bounds":{"lowerRight":{"x":815,"y":780},"upperLeft":{"x":30,"y":45}},"specialproperties":{"formreference":{"type":"treeview","placeholder":"formkey"},"workformreference":{"type":"treeview","placeholder":"workformkey"}},"outputmappingproperties":{"planitemlifecyclelisteners":{"type":"complex","placeholders":[]}},"properties":{"stencilid":"CasePlanModel","stencilsuperid":"CasePlanModel","stencilsuperids":["CasePlanModel"],"customstencil":false,"bordercolor":"#000000","notes":"","planitemlifecyclelisteners":"","bgcolor":"#ffffff","id":"onecaseplanmodel1","name":"Case plan model","name_en_us":"Case plan model","name_de_de":"","name_fr_fr":"","name_it_it":"","name_es_es":"","name_i18n-key":"","description":"","fontsize":"12","fontweight":"normal","fontstyle":"normal","fontcolor":"#000000","autocomplete":true,"autocomplete-run":"","formreference":"FORM_MODEL-3a62fba0-1cdc-44bb-acd3-73db6e64214b","formkey":"getName","formfieldvalidation":false,"formfieldvalidation-run":"","workformreference":"","workformkey":"","workformfieldvalidation":false,"workformfieldvalidation-run":""},"ssextensions":[],"outgoing":[{"resourceId":"exitCriterion1"}],"dockers":[],"labels":[{"styles":{"fill":"#000000","size":"12","italic":false,"bold":false},"ref":"text_name"}]},{"resourceId":"connector1","stencil":{"id":"Connector"},"pathProperties":{},"xmlProperties":[],"childShapes":[],"bounds":{"lowerRight":{"x":276,"y":320},"upperLeft":{"x":275,"y":276}},"properties":{"stencilid":"Connector","stencilsuperid":"Connector","stencilsuperids":["Connector"],"customstencil":false,"bordercolor":"#000000","notes":"","id":"connector1","name":"complete","name_en_us":"complete","name_de_de":"complete","name_fr_fr":"complete","name_it_it":"complete","name_es_es":"complete","name_i18n-key":"","description":"","fontsize":"12","fontweight":"normal","fontstyle":"normal","fontcolor":"#000000","standardevent":"complete","display_ref_in_diagram":true},"ssextensions":[],"outgoing":[{"resourceId":"entryCriterion1"}],"dockers":[{"x":185,"y":85},{"x":276,"y":305.5},{"x":275,"y":305.5},{"x":9,"y":14}],"labels":[{"x":208.1666660308838,"y":307,"valign":"bottom","align":"left","ref":"text_name"},{"styles":{"fill":"#000000","size":"12","italic":false,"bold":false},"ref":"text_name"}],"target":{"resourceId":"entryCriterion1"}},{"resourceId":"connector2","stencil":{"id":"Connector"},"pathProperties":{},"xmlProperties":[],"childShapes":[],"bounds":{"lowerRight":{"x":276,"y":540},"upperLeft":{"x":276,"y":505}},"properties":{"stencilid":"Connector","stencilsuperid":"Connector","stencilsuperids":["Connector"],"customstencil":false,"bordercolor":"#000000","notes":"","id":"connector2","name":"complete","name_en_us":"complete","name_de_de":"complete","name_fr_fr":"complete","name_it_it":"complete","name_es_es":"complete","name_i18n-key":"","description":"","fontsize":"12","fontweight":"normal","fontstyle":"normal","fontcolor":"#000000","standardevent":"complete","display_ref_in_diagram":true},"ssextensions":[],"outgoing":[{"resourceId":"entryCriterion2"}],"dockers":[{"x":185,"y":85},{"x":276,"y":530},{"x":276,"y":530},{"x":9,"y":14}],"labels":[{"x":210.1666660308838,"y":535,"valign":"bottom","align":"left","ref":"text_name"},{"styles":{"fill":"#000000","size":"12","italic":false,"bold":false},"ref":"text_name"}],"target":{"resourceId":"entryCriterion2"}},{"resourceId":"connector3","stencil":{"id":"Connector"},"pathProperties":{},"xmlProperties":[],"childShapes":[],"bounds":{"lowerRight":{"x":805,"y":191},"upperLeft":{"x":380,"y":191}},"properties":{"stencilid":"Connector","stencilsuperid":"Connector","stencilsuperids":["Connector"],"customstencil":false,"bordercolor":"#000000","notes":"","id":"connector3","name":"occur","name_en_us":"occur","name_de_de":"occur","name_fr_fr":"occur","name_it_it":"occur","name_es_es":"occur","name_i18n-key":"","description":"","fontsize":"12","fontweight":"normal","fontstyle":"normal","fontcolor":"#000000","standardevent":"occur","display_ref_in_diagram":true},"ssextensions":[],"outgoing":[{"resourceId":"exitCriterion1"}],"dockers":[{"x":15.497999999999994,"y":15.500999999999994},{"x":9,"y":14}],"labels":[{"styles":{"fill":"#000000","size":"12","italic":false,"bold":false},"ref":"text_name"}],"target":{"resourceId":"exitCriterion1"}},{"resourceId":"exitCriterion1","stencil":{"id":"ExitCriterion"},"pathProperties":{},"xmlProperties":[],"childShapes":[],"bounds":{"lowerRight":{"x":824,"y":205},"upperLeft":{"x":806,"y":177}},"properties":{"stencilid":"ExitCriterion","stencilsuperid":"ExitCriterion","stencilsuperids":["ExitCriterion"],"customstencil":false,"fontsize":"12","notes":"","fontweight":"normal","fontstyle":"normal","fontcolor":"#000000","id":"exitCriterion1","name":"","name_en_us":"","name_de_de":"","name_fr_fr":"","name_it_it":"","name_es_es":"","name_i18n-key":"","description":"","condition":"","triggermode":"deferred"},"ssextensions":[],"outgoing":[],"dockers":[{"x":774,"y":146}]},{"resourceId":"connector6","stencil":{"id":"Connector"},"pathProperties":{},"xmlProperties":[],"childShapes":[],"bounds":{"lowerRight":{"x":305,"y":420},"upperLeft":{"x":220,"y":420}},"properties":{"stencilid":"Connector","stencilsuperid":"Connector","stencilsuperids":["Connector"],"customstencil":false,"bordercolor":"#000000","notes":"","id":"connector6","name":"complete","name_en_us":"complete","name_de_de":"complete","name_fr_fr":"complete","name_it_it":"complete","name_es_es":"complete","name_i18n-key":"","description":"","fontsize":"12","fontweight":"normal","fontstyle":"normal","fontcolor":"#000000","standardevent":"complete","display_ref_in_diagram":true},"ssextensions":[],"outgoing":[{"resourceId":"exitCriterion4"}],"dockers":[{"x":50,"y":40},{"x":267.75,"y":420},{"x":267.75,"y":420},{"x":9,"y":14}],"labels":[{"styles":{"fill":"#000000","size":"12","italic":false,"bold":false},"ref":"text_name"}],"target":{"resourceId":"exitCriterion4"}},{"resourceId":"connector7","stencil":{"id":"Connector"},"pathProperties":{},"xmlProperties":[],"childShapes":[],"bounds":{"lowerRight":{"x":365,"y":484},"upperLeft":{"x":188,"y":461}},"properties":{"stencilid":"Connector","stencilsuperid":"Connector","stencilsuperids":["Connector"],"customstencil":false,"bordercolor":"#000000","notes":"","id":"connector7","name":"complete","name_en_us":"complete","name_de_de":"complete","name_fr_fr":"complete","name_it_it":"complete","name_es_es":"complete","name_i18n-key":"","description":"","fontsize":"12","fontweight":"normal","fontstyle":"normal","fontcolor":"#000000","standardevent":"complete","display_ref_in_diagram":true},"ssextensions":[],"outgoing":[{"resourceId":"exitCriterion5"}],"dockers":[{"x":50,"y":40},{"x":365,"y":484},{"x":188.5,"y":484},{"x":9,"y":14}],"labels":[{"x":238.1666660308838,"y":475,"valign":"bottom","align":"left","ref":"text_name"},{"styles":{"fill":"#000000","size":"12","italic":false,"bold":false},"ref":"text_name"}],"target":{"resourceId":"exitCriterion5"}}],"bounds":{"lowerRight":{"x":1485,"y":1050},"upperLeft":{"x":0,"y":0}},"specialproperties":{"securitypolicy":{"type":"treeview","placeholder":"securitypolicymodel"}},"outputmappingproperties":{"namespaces":{"type":"complex","placeholders":[]}},"properties":{"stencilid":"CASEDiagram","stencilsuperid":"CASEDiagram","stencilsuperids":["CASEDiagram"],"customstencil":false,"owner":"","owner-run":"","notes":"","assignee":"","assignee-run":"","participantusers":"","participantusers-run":"","participantgroups":"","participantgroups-run":"","watcherusers":"","watcherusers-run":"","watchergroups":"","watchergroups-run":"","id":"loanCase","name":"Loan case","name_en_us":"","name_de_de":"","name_fr_fr":"","name_it_it":"","name_es_es":"","name_i18n-key":"","description":"","fontsize":"12","fontweight":"normal","fontstyle":"normal","fontcolor":"#000000","labelexpression":"","creationdate":"2019-09-23T09:52:55.951Z","modificationdate":"2019-09-23T10:43:35.341Z","securitypolicy":"","securitypolicymodel":"","customfolderpath":"","case_potentialstarteruser":"","case_potentialstarteruser-run":"","case_potentialstartergroup":"flowableUser","case_potentialstartergroup-run":"","version":"","author":"","case_initiatorvariablename":"initiator","case_namespace":"","namespaces":""},"ssextensions":[],"stencilset":{"url":"./app/editor_stencilset","paletteKey":"flowable-case-palette","namespace":"http://b3mn.org/stencilset/case1.0#"}}}