{"id":"FORM_MODEL-c0d77082-4a0b-4f7a-890d-40e9829803b9","name":"Attach identification","key":"attachIdentification","description":"","editorJson":{"resourceId":"editor_FORM_MODEL-9d710fc6-8bb6-4f6c-8dd7-bbcab73f9acb","stencil":{"id":"XForm"},"pathProperties":{"id":"id","name":"name","creationdate":"creationdate","modificationdate":"modificationdate","outcomes":"outcomes","outcomevariablename":"outcomeVariableName","dialog-size":"dialogSize","dialog-title":"dialogTitle","dialog-description":"dialogDescription"},"xmlProperties":[],"childShapes":[{"resourceId":"panel1","stencil":{"id":"SlotPanel"},"pathProperties":{"id":"id"},"xmlProperties":[],"childShapes":[{"resourceId":"attachment2","stencil":{"id":"Component"},"pathProperties":{"value":"value","accept-file-types":"extraSettings.acceptFileTypes","update-file-url":"extraSettings.updateFileUrl","thumbnail-max-height":"extraSettings.thumbnailMaxHeight","drop-files-text":"extraSettings.dropFilesText","drop-files-text_en_us":"i18n.en_us.extraSettings.dropFilesText","drop-files-text_de_de":"i18n.de_de.extraSettings.dropFilesText","drop-files-text_fr_fr":"i18n.fr_fr.extraSettings.dropFilesText","drop-files-text_it_it":"i18n.it_it.extraSettings.dropFilesText","drop-files-text_es_es":"i18n.es_es.extraSettings.dropFilesText","drop-files-text_i18n-key":"extraSettings.dropFilesText","min-files-error-msg":"extraSettings.minFilesErrorMessage","min-files-error-msg_en_us":"i18n.en_us.extraSettings.minFilesErrorMessage","min-files-error-msg_de_de":"i18n.de_de.extraSettings.minFilesErrorMessage","min-files-error-msg_fr_fr":"i18n.fr_fr.extraSettings.minFilesErrorMessage","min-files-error-msg_it_it":"i18n.it_it.extraSettings.minFilesErrorMessage","min-files-error-msg_es_es":"i18n.es_es.extraSettings.minFilesErrorMessage","min-files-error-msg_i18n-key":"extraSettings.minFilesErrorMessage","max-files-error-msg":"extraSettings.maxFilesErrorMessage","max-files-error-msg_en_us":"i18n.en_us.extraSettings.maxFilesErrorMessage","max-files-error-msg_de_de":"i18n.de_de.extraSettings.maxFilesErrorMessage","max-files-error-msg_fr_fr":"i18n.fr_fr.extraSettings.maxFilesErrorMessage","max-files-error-msg_it_it":"i18n.it_it.extraSettings.maxFilesErrorMessage","max-files-error-msg_es_es":"i18n.es_es.extraSettings.maxFilesErrorMessage","max-files-error-msg_i18n-key":"extraSettings.maxFilesErrorMessage","download-url":"extraSettings.downloadUrl","has-file-type":"extraSettings.hasFileType","required":"isRequired","required-run":"isRequired","min-files":"extraSettings.minFiles","allow-delete":"extraSettings.allowDelete","label-position":"labelAlign","style-class":"styleClass","allowed-file-types":"extraSettings.allowedFileTypes","description":"description","description_en_us":"i18n.en_us.description","description_de_de":"i18n.de_de.description","description_fr_fr":"i18n.fr_fr.description","description_it_it":"i18n.it_it.description","description_es_es":"i18n.es_es.description","description_i18n-key":"description","preview":"extraSettings.preview","max-files-text":"extraSettings.maxFilesText","max-files-text_en_us":"i18n.en_us.extraSettings.maxFilesText","max-files-text_de_de":"i18n.de_de.extraSettings.maxFilesText","max-files-text_fr_fr":"i18n.fr_fr.extraSettings.maxFilesText","max-files-text_it_it":"i18n.it_it.extraSettings.maxFilesText","max-files-text_es_es":"i18n.es_es.extraSettings.maxFilesText","max-files-text_i18n-key":"extraSettings.maxFilesText","enabled":"enabled","enabled-run":"enabled","default-value":"defaultValue","id":"id","col-span":"size","require-file-type":"extraSettings.requireFileType","delete-url":"extraSettings.deleteUrl","allowed-files-text":"extraSettings.allowedFilesText","allowed-files-text_en_us":"i18n.en_us.extraSettings.allowedFilesText","allowed-files-text_de_de":"i18n.de_de.extraSettings.allowedFilesText","allowed-files-text_fr_fr":"i18n.fr_fr.extraSettings.allowedFilesText","allowed-files-text_it_it":"i18n.it_it.extraSettings.allowedFilesText","allowed-files-text_es_es":"i18n.es_es.extraSettings.allowedFilesText","allowed-files-text_i18n-key":"extraSettings.allowedFilesText","ignored":"ignore","ignored-run":"ignore","max-files":"extraSettings.maxFiles","visible":"visible","visible-run":"visible","select-files-text":"extraSettings.selectFilesText","select-files-text_en_us":"i18n.en_us.extraSettings.selectFilesText","select-files-text_de_de":"i18n.de_de.extraSettings.selectFilesText","select-files-text_fr_fr":"i18n.fr_fr.extraSettings.selectFilesText","select-files-text_it_it":"i18n.it_it.extraSettings.selectFilesText","select-files-text_es_es":"i18n.es_es.extraSettings.selectFilesText","select-files-text_i18n-key":"extraSettings.selectFilesText","label":"label","label_en_us":"i18n.en_us.label","label_de_de":"i18n.de_de.label","label_fr_fr":"i18n.fr_fr.label","label_it_it":"i18n.it_it.label","label_es_es":"i18n.es_es.label","label_i18n-key":"label","tooltip":"tooltip","tooltip_en_us":"i18n.en_us.tooltip","tooltip_de_de":"i18n.de_de.tooltip","tooltip_fr_fr":"i18n.fr_fr.tooltip","tooltip_it_it":"i18n.it_it.tooltip","tooltip_es_es":"i18n.es_es.tooltip","tooltip_i18n-key":"tooltip","upload-url":"extraSettings.uploadUrl"},"xmlProperties":["accept-file-types","thumbnail-max-height","min-files-error-msg","min-files-error-msg_en_us","min-files-error-msg_de_de","min-files-error-msg_fr_fr","min-files-error-msg_it_it","min-files-error-msg_es_es","min-files-error-msg_i18n-key","max-files-error-msg","max-files-error-msg_en_us","max-files-error-msg_de_de","max-files-error-msg_fr_fr","max-files-error-msg_it_it","max-files-error-msg_es_es","max-files-error-msg_i18n-key","min-files","max-files"],"childShapes":[],"bounds":{"lowerRight":{"x":984,"y":73},"upperLeft":{"x":15,"y":25}},"properties":{"stencilid":"cloud-attachment","stencilsuperid":"Component","stencilsuperids":["Component"],"customstencil":true,"col-weight":"","notes":"","value":"{{documentImage}}","accept-file-types":"","update-file-url":"","thumbnail-max-height":"","drop-files-text":"","drop-files-text_en_us":"","drop-files-text_de_de":"","drop-files-text_fr_fr":"","drop-files-text_it_it":"","drop-files-text_es_es":"","drop-files-text_i18n-key":"","min-files-error-msg":"","min-files-error-msg_en_us":"","min-files-error-msg_de_de":"","min-files-error-msg_fr_fr":"","min-files-error-msg_it_it":"","min-files-error-msg_es_es":"","min-files-error-msg_i18n-key":"","bordercolor":"#000000","max-files-error-msg":"","max-files-error-msg_en_us":"","max-files-error-msg_de_de":"","max-files-error-msg_fr_fr":"","max-files-error-msg_it_it":"","max-files-error-msg_es_es":"","max-files-error-msg_i18n-key":"","download-url":"rest/file/{{id}}","has-file-type":true,"required":true,"required-run":"","col-align":"fill","min-files":"","allow-delete":"true","label-position":"top","row":1,"style-class":"","width":"200","allowed-file-types":"","row-align":"top","description":"","description_en_us":"","description_de_de":"","description_fr_fr":"","description_it_it":"","description_es_es":"","description_i18n-key":"","preview":"none","file-attachment-strategy":"all-files-on-current-work-item","description-align":"left","col":1,"node-type":"","size":12,"max-files-text":"","max-files-text_en_us":"","max-files-text_de_de":"","max-files-text_fr_fr":"","max-files-text_it_it":"","max-files-text_es_es":"","max-files-text_i18n-key":"","enabled":true,"enabled-run":"","default-value":"","label-align":"top-left","description-position":"bottom","id":"attachment2","col-span":"1","require-file-type":true,"delete-url":"","allowed-files-text":"","allowed-files-text_en_us":"","allowed-files-text_de_de":"","allowed-files-text_fr_fr":"","allowed-files-text_it_it":"","allowed-files-text_es_es":"","allowed-files-text_i18n-key":"","ignored":false,"ignored-run":"","height":"","endpoint":"","max-files":"","visible":true,"visible-run":"","select-files-text":"","select-files-text_en_us":"","select-files-text_de_de":"","select-files-text_fr_fr":"","select-files-text_it_it":"","select-files-text_es_es":"","select-files-text_i18n-key":"","label":"Document image","label_en_us":"Document image","label_de_de":"Label","label_fr_fr":"Label","label_it_it":"Label","label_es_es":"Label","label_i18n-key":"","row-weight":"","tooltip":"","tooltip_en_us":"","tooltip_de_de":"","tooltip_fr_fr":"","tooltip_it_it":"","tooltip_es_es":"","tooltip_i18n-key":"","upload-url":"","documentation":"","customstencilid":"cloud-attachment","customnamespace":"http://b3mn.org/stencilset/default.flowable.form.palette.xml#","xmlTag":"upload"},"ssextensions":[],"outgoing":[],"dockers":[],"labels":[{"styles":{"fill":"#000000","size":"12","italic":false,"bold":false},"ref":"label_text"},{"styles":{"fill":"#000000","size":"12","italic":false,"bold":false},"ref":"input_text"},{"styles":{"fill":"#000000","size":"12","italic":false,"bold":false},"ref":"desc_text"}]}],"bounds":{"lowerRight":{"x":1049,"y":148},"upperLeft":{"x":50,"y":50}},"oldResourceId":"sid-8D9FC954-EB33-4C05-ADF0-5706EF50E974","properties":{"stencilid":"SlotPanel","stencilsuperid":"SlotPanel","stencilsuperids":["SlotPanel"],"customstencil":true,"id":"panel1","notes":"","width":"300","xmlTag":"panel"},"ssextensions":[],"outgoing":[],"dockers":[]}],"bounds":{"lowerRight":{"x":1485,"y":1050},"upperLeft":{"x":0,"y":0}},"outputmappingproperties":{"outcomes":{"type":"complex","placeholders":[]}},"properties":{"stencilid":"XForm","stencilsuperid":"XForm","stencilsuperids":["XForm"],"customstencil":true,"id":"attachIdentification","notes":"","guid":"FORM_MODEL-9d710fc6-8bb6-4f6c-8dd7-bbcab73f9acb","stylesheet":"","name":"Attach identification","creationdate":"2019-08-14T16:55:08.352Z","modificationdate":"2019-08-14T16:55:08.352Z","outcomes":"","outcomevariablename":"","dialog-size":"","dialog-title":"","dialog-description":"","xmlTag":"XForm","description":"","key":"attachIdentification"},"ssextensions":["http://b3mn.org/stencilset/default.flowable.form.palette.xml#"],"stencilset":{"url":"./app/editor_stencilset","namespace":"http://b3mn.org/stencilset/xforms#"},"name":"Attach identification","key":"attachIdentification"}}