{"id":"FORM_MODEL-69c45185-534b-4b48-8a8c-1005f2828bb6","name":"inform","key":"inform","description":"","editorJson":{"properties":{"id":"inform","name":"inform","guid":"FORM_MODEL-8ce42523-d53e-47ab-8c6b-96f553a8b405","stencilid":"XForm","stencilsuperid":"XForm","stencilsuperids":["XForm"],"xmlTag":"XForm","customstencil":true,"creationdate":"2019-08-16T11:42:25.570Z","modificationdate":"2019-08-16T11:42:25.570Z","description":""},"resourceId":"editor_FORM_MODEL-8ce42523-d53e-47ab-8c6b-96f553a8b405","bounds":{"upperLeft":{"x":0,"y":0},"lowerRight":{"x":1500,"y":1100}},"stencil":{"id":"XForm"},"stencilset":{"namespace":"http://b3mn.org/stencilset/xforms#","url":"./app/editor_stencilset","paletteKey":"flowable-form-palette"},"childShapes":[{"resourceId":"panel1","bounds":{"upperLeft":{"x":50,"y":50},"lowerRight":{"x":1050,"y":960}},"stencil":{"id":"SlotPanel"},"properties":{"id":"panel1","stencilid":"SlotPanel","stencilsuperid":"SlotPanel","stencilsuperids":["SlotPanel"],"xmlTag":"panel","customstencil":true,"width":300},"childShapes":[{"properties":{"row":1,"col":1,"stencilsuperids":["Component"],"stencilsuperid":"Component","customstencilid":"cloud-galleries","customstencil":true,"stencilid":"cloud-galleries","xmlTag":"galleries","label":"Loan documents","label-position":"top","required":false,"open-document":true,"serialize-item":"value","auto-complete-type":"Id","link-target":"_blank","link-target-view":"browse","datasource":"Static","size":12,"col-span":1,"value":"{{loanAgreement}}","ignored":false,"id":"galleries1","enabled":true,"visible":true,"label_en_us":"Loan documents","label_de_de":"Label","label_fr_fr":"Label","label_it_it":"Label","label_es_es":"Label"},"outgoing":[],"xmlProperties":[],"ssextensions":[],"dockers":[],"childShapes":[],"bounds":{"upperLeft":{"x":15,"y":25},"lowerRight":{"x":984,"y":97}},"stencil":{"id":"Component"},"labels":[{"styles":{"fill":"#000000","size":"12","italic":false,"bold":false},"ref":"label_text"},{"styles":{"fill":"#000000","size":"12","italic":false,"bold":false},"ref":"input_text"},{"styles":{"fill":"#000000","size":"12","italic":false,"bold":false},"ref":"desc_text"}],"resourceId":"galleries1","pathProperties":{"label":"label","label-position":"labelAlign","required":"isRequired","open-document":"extraSettings.openDocument","serialize-item":"extraSettings.identity","auto-complete-type":"extraSettings.storage","link-target":"extraSettings.linkTarget","link-target-view":"extraSettings.linkTargetView","datasource":"extraSettings.dataSource","col-span":"size","value":"value","ignored":"ignore","id":"id","enabled":"enabled","visible":"visible","label_en_us":"i18n.en_us.label","label_de_de":"i18n.de_de.label","label_fr_fr":"i18n.fr_fr.label","label_it_it":"i18n.it_it.label","label_es_es":"i18n.es_es.label"}}],"outgoing":[],"xmlProperties":[],"ssextensions":[],"pathProperties":{},"dockers":[]}]}}