{"id":"FORM_MODEL-cca15db0-ae87-47f4-8c68-1d75db56b2e2","name":"loan details","key":"loan_details","description":"","editorJson":{"resourceId":"editor_FORM_MODEL-cca15db0-ae87-47f4-8c68-1d75db56b2e2","stencil":{"id":"XForm"},"pathProperties":{"outcomes":"outcomes","outcomevariablename":"outcomeVariableName","datamodel":"dataModel","dialog-size":"dialogSize","dialog-title":"dialogTitle","dialog-description":"dialogDescription"},"xmlProperties":[],"childShapes":[{"resourceId":"panel1","stencil":{"id":"SlotPanel"},"pathProperties":{"id":"id"},"xmlProperties":[],"childShapes":[{"resourceId":"cloud-radiobuttons2","stencil":{"id":"base-radiobuttons"},"pathProperties":{"placeholder":"placeholder","placeholder_en_us":"i18n.en_us.placeholder","placeholder_de_de":"i18n.de_de.placeholder","placeholder_fr_fr":"i18n.fr_fr.placeholder","placeholder_it_it":"i18n.it_it.placeholder","placeholder_es_es":"i18n.es_es.placeholder","placeholder_i18n-key":"placeholder","enabled":"enabled","enabled-run":"enabled","datasource":"extraSettings.dataSource","options":"extraSettings.items","options_en_us":"i18n.en_us.extraSettings.items","options_en_us-run":"i18n.en_us.extraSettings.items","options_de_de":"i18n.de_de.extraSettings.items","options_de_de-run":"i18n.de_de.extraSettings.items","options_fr_fr":"i18n.fr_fr.extraSettings.items","options_fr_fr-run":"i18n.fr_fr.extraSettings.items","options_it_it":"i18n.it_it.extraSettings.items","options_it_it-run":"i18n.it_it.extraSettings.items","options_es_es":"i18n.es_es.extraSettings.items","options_es_es-run":"i18n.es_es.extraSettings.items","options-run":"extraSettings.items","options_i18n-key":"extraSettings.items","table-key":"extraSettings.tableKey","table-key-run":"extraSettings.tableKey","query-url":"extraSettings.queryUrl","query-url-run":"extraSettings.queryUrl","lookup-url":"extraSettings.lookupUrl","lookup-url-run":"extraSettings.lookupUrl","path":"extraSettings.path","search-query":"extraSettings.searchQuery","link-target-view":"extraSettings.linkTargetView","format-item":"extraSettings.formatItem","auto-complete-type":"extraSettings.storage","serialize-item":"extraSettings.identity","link-item":"extraSettings.linkUrl","link-target":"extraSettings.linkTarget","label-position":"labelAlign","tooltip":"tooltip","tooltip_en_us":"i18n.en_us.tooltip","tooltip_de_de":"i18n.de_de.tooltip","tooltip_fr_fr":"i18n.fr_fr.tooltip","tooltip_it_it":"i18n.it_it.tooltip","tooltip_es_es":"i18n.es_es.tooltip","tooltip_i18n-key":"tooltip","value":"value","default-value":"defaultValue","description":"description","description_en_us":"i18n.en_us.description","description_de_de":"i18n.de_de.description","description_fr_fr":"i18n.fr_fr.description","description_it_it":"i18n.it_it.description","description_es_es":"i18n.es_es.description","description_i18n-key":"description","col-span":"size","ignored":"ignore","ignored-run":"ignore","visible":"visible","visible-run":"visible","required":"isRequired","required-run":"isRequired","style-class":"styleClass","label":"label","label_en_us":"i18n.en_us.label","label_de_de":"i18n.de_de.label","label_fr_fr":"i18n.fr_fr.label","label_it_it":"i18n.it_it.label","label_es_es":"i18n.es_es.label","label_i18n-key":"label","id":"id","orientation":"extraSettings.display","text-option":"extraSettings.textOption","text-option_en_us":"i18n.en_us.extraSettings.textOption","text-option_de_de":"i18n.de_de.extraSettings.textOption","text-option_fr_fr":"i18n.fr_fr.extraSettings.textOption","text-option_it_it":"i18n.it_it.extraSettings.textOption","text-option_es_es":"i18n.es_es.extraSettings.textOption","text-option_i18n-key":"extraSettings.textOption"},"xmlProperties":["table-key","table-key-run","query-url","query-url-run","lookup-url","lookup-url-run","path","format-item","auto-complete-type","serialize-item","link-item"],"childShapes":[],"bounds":{"lowerRight":{"x":410,"y":219},"upperLeft":{"x":15,"y":98}},"outputmappingproperties":{"options":{"type":"complex","placeholders":[]},"options_en_us":{"type":"complex","placeholders":[]},"options_de_de":{"type":"complex","placeholders":[]},"options_fr_fr":{"type":"complex","placeholders":[]},"options_it_it":{"type":"complex","placeholders":[]},"options_es_es":{"type":"complex","placeholders":[]},"radiobutton-configuration":{"type":"complex","placeholders":[]}},"properties":{"stencilid":"cloud-radiobuttons","stencilsuperid":"base-radiobuttons","stencilsuperids":["base-radiobuttons"],"customstencil":false,"bordercolor":"#000000","notes":"","placeholder":"","placeholder_en_us":"","placeholder_de_de":"","placeholder_fr_fr":"","placeholder_it_it":"","placeholder_es_es":"","placeholder_i18n-key":"","enabled":true,"enabled-run":"","datasource":"Static","options":"{\"totalCount\":3,\"items\":[{\"text\":\"Rented\",\"value\":\"rented\"},{\"text\":\"Mortgaged\",\"value\":\"mortgaged\"},{\"text\":\"Owned\",\"value\":\"owned\"}]}","options_en_us":"{\"totalCount\":3,\"items\":[{\"text\":\"Rented\",\"value\":\"rented\"},{\"text\":\"Mortgaged\",\"value\":\"mortgaged\"},{\"text\":\"Owned\",\"value\":\"owned\"}]}","options_en_us-run":"","options_de_de":"","options_de_de-run":"","options_fr_fr":"","options_fr_fr-run":"","options_it_it":"","options_it_it-run":"","options_es_es":"","options_es_es-run":"","options-run":"","options_i18n-key":"","table-key":"","table-key-run":"","query-url":"","query-url-run":"","lookup-url":"","lookup-url-run":"","path":"","search-query":"","link-target-view":"browse","format-item":"","auto-complete-type":"Id","serialize-item":"value","link-item":"","link-target":"","label-position":"top","tooltip":"","tooltip_en_us":"","tooltip_de_de":"","tooltip_fr_fr":"","tooltip_it_it":"","tooltip_es_es":"","tooltip_i18n-key":"","value":"{{home}}","default-value":"","description":"","description_en_us":"","description_de_de":"","description_fr_fr":"","description_it_it":"","description_es_es":"","description_i18n-key":"","col-span":"1","ignored":false,"ignored-run":"","visible":true,"visible-run":"","required":true,"required-run":"","style-class":"","documentation":"","label":"Home","label_en_us":"Home","label_de_de":"","label_fr_fr":"","label_it_it":"Label","label_es_es":"","label_i18n-key":"","id":"cloud-radiobuttons2","width":"200","height":"","col":1,"col-align":"fill","col-weight":"","row":2,"row-align":"top","row-weight":"","size":5,"description-position":"bottom","description-align":"left","node-type":"radio","radiobutton-configuration":"{\"totalCount\":2,\"items\":[{\"text\":\"RadioButton 1\",\"value\":\"radio\"},{\"text\":\"RadioButton 2\",\"value\":\"radio\"}]}","orientation":"Vertical","text-option":"","text-option_en_us":"","text-option_de_de":"","text-option_fr_fr":"","text-option_it_it":"","text-option_es_es":"","text-option_i18n-key":"","retain-leading-zeroes":true,"xmlTag":"radio"},"ssextensions":[],"outgoing":[],"dockers":[],"labels":[{"styles":{"fill":"#000000","size":"12","italic":false,"bold":false},"ref":"label_text"},{"styles":{"fill":"#000000","size":"12","italic":false,"bold":false},"ref":"input_text"},{"styles":{"fill":"#000000","size":"12","italic":false,"bold":false},"ref":"desc_text"}]},{"resourceId":"cloud-text3","stencil":{"id":"base-text"},"pathProperties":{"min-length":"extraSettings.minLength","min-length-run":"extraSettings.minLength","min-length-error-msg":"minLengthErrorMessage","min-length-error-msg_en_us":"i18n.en_us.minLengthErrorMessage","min-length-error-msg_de_de":"i18n.de_de.minLengthErrorMessage","min-length-error-msg_fr_fr":"i18n.fr_fr.minLengthErrorMessage","min-length-error-msg_it_it":"i18n.it_it.minLengthErrorMessage","min-length-error-msg_es_es":"i18n.es_es.minLengthErrorMessage","min-length-error-msg_i18n-key":"minLengthErrorMessage","max-length":"extraSettings.maxLength","max-length-run":"extraSettings.maxLength","max-length-error-msg":"maxLengthErrorMessage","max-length-error-msg_en_us":"i18n.en_us.maxLengthErrorMessage","max-length-error-msg_de_de":"i18n.de_de.maxLengthErrorMessage","max-length-error-msg_fr_fr":"i18n.fr_fr.maxLengthErrorMessage","max-length-error-msg_it_it":"i18n.it_it.maxLengthErrorMessage","max-length-error-msg_es_es":"i18n.es_es.maxLengthErrorMessage","max-length-error-msg_i18n-key":"maxLengthErrorMessage","placeholder":"placeholder","placeholder_en_us":"i18n.en_us.placeholder","placeholder_de_de":"i18n.de_de.placeholder","placeholder_fr_fr":"i18n.fr_fr.placeholder","placeholder_it_it":"i18n.it_it.placeholder","placeholder_es_es":"i18n.es_es.placeholder","placeholder_i18n-key":"placeholder","label-position":"labelAlign","tooltip":"tooltip","tooltip_en_us":"i18n.en_us.tooltip","tooltip_de_de":"i18n.de_de.tooltip","tooltip_fr_fr":"i18n.fr_fr.tooltip","tooltip_it_it":"i18n.it_it.tooltip","tooltip_es_es":"i18n.es_es.tooltip","tooltip_i18n-key":"tooltip","value":"value","default-value":"defaultValue","description":"description","description_en_us":"i18n.en_us.description","description_de_de":"i18n.de_de.description","description_fr_fr":"i18n.fr_fr.description","description_it_it":"i18n.it_it.description","description_es_es":"i18n.es_es.description","description_i18n-key":"description","col-span":"size","ignored":"ignore","ignored-run":"ignore","visible":"visible","visible-run":"visible","enabled":"enabled","enabled-run":"enabled","required":"isRequired","required-run":"isRequired","style-class":"styleClass","label":"label","label_en_us":"i18n.en_us.label","label_de_de":"i18n.de_de.label","label_fr_fr":"i18n.fr_fr.label","label_it_it":"i18n.it_it.label","label_es_es":"i18n.es_es.label","label_i18n-key":"label","id":"id","validation-regexp":"validationRegExp","validation-regexp-error-msg":"validationRegExpErrorMessage","validation-regexp-error-msg_en_us":"i18n.en_us.validationRegExpErrorMessage","validation-regexp-error-msg_de_de":"i18n.de_de.validationRegExpErrorMessage","validation-regexp-error-msg_fr_fr":"i18n.fr_fr.validationRegExpErrorMessage","validation-regexp-error-msg_it_it":"i18n.it_it.validationRegExpErrorMessage","validation-regexp-error-msg_es_es":"i18n.es_es.validationRegExpErrorMessage","validation-regexp-error-msg_i18n-key":"validationRegExpErrorMessage","validation-mask":"validationMask","validation-mask-error-msg":"validationMaskErrorMessage","validation-mask-error-msg_en_us":"i18n.en_us.validationMaskErrorMessage","validation-mask-error-msg_de_de":"i18n.de_de.validationMaskErrorMessage","validation-mask-error-msg_fr_fr":"i18n.fr_fr.validationMaskErrorMessage","validation-mask-error-msg_it_it":"i18n.it_it.validationMaskErrorMessage","validation-mask-error-msg_es_es":"i18n.es_es.validationMaskErrorMessage","validation-mask-error-msg_i18n-key":"validationMaskErrorMessage"},"xmlProperties":["min-length","min-length-run","min-length-error-msg","min-length-error-msg_en_us","min-length-error-msg_de_de","min-length-error-msg_fr_fr","min-length-error-msg_it_it","min-length-error-msg_es_es","min-length-error-msg_i18n-key","validation-regexp","validation-regexp-error-msg","validation-regexp-error-msg_en_us","validation-regexp-error-msg_de_de","validation-regexp-error-msg_fr_fr","validation-regexp-error-msg_it_it","validation-regexp-error-msg_es_es","validation-regexp-error-msg_i18n-key","validation-mask","validation-mask-error-msg","validation-mask-error-msg_en_us","validation-mask-error-msg_de_de","validation-mask-error-msg_fr_fr","validation-mask-error-msg_it_it","validation-mask-error-msg_es_es","validation-mask-error-msg_i18n-key"],"childShapes":[],"bounds":{"lowerRight":{"x":410,"y":73},"upperLeft":{"x":15,"y":25}},"properties":{"stencilid":"cloud-text","stencilsuperid":"base-text","stencilsuperids":["base-text"],"customstencil":false,"bordercolor":"#000000","notes":"","min-length":"","min-length-run":"","min-length-error-msg":"","min-length-error-msg_en_us":"","min-length-error-msg_de_de":"","min-length-error-msg_fr_fr":"","min-length-error-msg_it_it":"","min-length-error-msg_es_es":"","min-length-error-msg_i18n-key":"","max-length":"","max-length-run":"","max-length-error-msg":"","max-length-error-msg_en_us":"","max-length-error-msg_de_de":"","max-length-error-msg_fr_fr":"","max-length-error-msg_it_it":"","max-length-error-msg_es_es":"","max-length-error-msg_i18n-key":"","placeholder":"","placeholder_en_us":"","placeholder_de_de":"","placeholder_fr_fr":"","placeholder_it_it":"","placeholder_es_es":"","placeholder_i18n-key":"","label-position":"top","tooltip":"","tooltip_en_us":"","tooltip_de_de":"","tooltip_fr_fr":"","tooltip_it_it":"","tooltip_es_es":"","tooltip_i18n-key":"","value":"{{fullName}}","default-value":"","description":"","description_en_us":"","description_de_de":"","description_fr_fr":"","description_it_it":"","description_es_es":"","description_i18n-key":"","col-span":"1","ignored":false,"ignored-run":"","visible":true,"visible-run":"","enabled":false,"enabled-run":"","required":false,"required-run":"","style-class":"","documentation":"","label":"Full name","label_en_us":"Full name","label_de_de":"","label_fr_fr":"","label_it_it":"Label","label_es_es":"","label_i18n-key":"","id":"cloud-text3","width":"200","height":"","col":1,"col-align":"fill","col-weight":"","row":1,"row-align":"top","row-weight":"","size":5,"description-position":"bottom","description-align":"left","node-type":"","validation-regexp":"","validation-regexp-error-msg":"","validation-regexp-error-msg_en_us":"","validation-regexp-error-msg_de_de":"","validation-regexp-error-msg_fr_fr":"","validation-regexp-error-msg_it_it":"","validation-regexp-error-msg_es_es":"","validation-regexp-error-msg_i18n-key":"","validation-mask":"","validation-mask-error-msg":"","validation-mask-error-msg_en_us":"","validation-mask-error-msg_de_de":"","validation-mask-error-msg_fr_fr":"","validation-mask-error-msg_it_it":"","validation-mask-error-msg_es_es":"","validation-mask-error-msg_i18n-key":"","xmlTag":"text"},"ssextensions":[],"outgoing":[],"dockers":[],"labels":[{"styles":{"fill":"#000000","size":"12","italic":false,"bold":false},"ref":"label_text"},{"styles":{"fill":"#000000","size":"12","italic":false,"bold":false},"ref":"input_text"},{"styles":{"fill":"#000000","size":"12","italic":false,"bold":false},"ref":"desc_text"}]},{"resourceId":"cloud-integer-number4","stencil":{"id":"IntegerNumber"},"pathProperties":{"placeholder":"placeholder","placeholder_en_us":"i18n.en_us.placeholder","placeholder_de_de":"i18n.de_de.placeholder","placeholder_fr_fr":"i18n.fr_fr.placeholder","placeholder_it_it":"i18n.it_it.placeholder","placeholder_es_es":"i18n.es_es.placeholder","placeholder_i18n-key":"placeholder","label-position":"labelAlign","tooltip":"tooltip","tooltip_en_us":"i18n.en_us.tooltip","tooltip_de_de":"i18n.de_de.tooltip","tooltip_fr_fr":"i18n.fr_fr.tooltip","tooltip_it_it":"i18n.it_it.tooltip","tooltip_es_es":"i18n.es_es.tooltip","tooltip_i18n-key":"tooltip","value":"value","default-value":"defaultValue","description":"description","description_en_us":"i18n.en_us.description","description_de_de":"i18n.de_de.description","description_fr_fr":"i18n.fr_fr.description","description_it_it":"i18n.it_it.description","description_es_es":"i18n.es_es.description","description_i18n-key":"description","col-span":"size","ignored":"ignore","ignored-run":"ignore","visible":"visible","visible-run":"visible","enabled":"enabled","enabled-run":"enabled","required":"isRequired","required-run":"isRequired","style-class":"styleClass","label":"label","label_en_us":"i18n.en_us.label","label_de_de":"i18n.de_de.label","label_fr_fr":"i18n.fr_fr.label","label_it_it":"i18n.it_it.label","label_es_es":"i18n.es_es.label","label_i18n-key":"label","id":"id","min-value":"extraSettings.min","min-value-run":"extraSettings.min","min-error-msg":"extraSettings.minValueErrorMessage","min-error-msg_en_us":"i18n.en_us.extraSettings.minValueErrorMessage","min-error-msg_de_de":"i18n.de_de.extraSettings.minValueErrorMessage","min-error-msg_fr_fr":"i18n.fr_fr.extraSettings.minValueErrorMessage","min-error-msg_it_it":"i18n.it_it.extraSettings.minValueErrorMessage","min-error-msg_es_es":"i18n.es_es.extraSettings.minValueErrorMessage","min-error-msg_i18n-key":"extraSettings.minValueErrorMessage","max-value":"extraSettings.max","max-value-run":"extraSettings.max","max-error-msg":"extraSettings.maxValueErrorMessage","max-error-msg_en_us":"i18n.en_us.extraSettings.maxValueErrorMessage","max-error-msg_de_de":"i18n.de_de.extraSettings.maxValueErrorMessage","max-error-msg_fr_fr":"i18n.fr_fr.extraSettings.maxValueErrorMessage","max-error-msg_it_it":"i18n.it_it.extraSettings.maxValueErrorMessage","max-error-msg_es_es":"i18n.es_es.extraSettings.maxValueErrorMessage","max-error-msg_i18n-key":"extraSettings.maxValueErrorMessage","number-type":"extraSettings.numberType","fraction-size":"extraSettings.fractionSize","number-format":"extraSettings.numberFormat","number-provider-type":"extraSettings.type"},"xmlProperties":[],"childShapes":[],"bounds":{"lowerRight":{"x":984,"y":73},"upperLeft":{"x":507,"y":25}},"properties":{"stencilid":"cloud-integer-number","stencilsuperid":"IntegerNumber","stencilsuperids":["IntegerNumber"],"customstencil":false,"bordercolor":"#000000","notes":"","placeholder":"","placeholder_en_us":"","placeholder_de_de":"","placeholder_fr_fr":"","placeholder_it_it":"","placeholder_es_es":"","placeholder_i18n-key":"","label-position":"top","tooltip":"","tooltip_en_us":"","tooltip_de_de":"","tooltip_fr_fr":"","tooltip_it_it":"","tooltip_es_es":"","tooltip_i18n-key":"","value":"{{age}}","default-value":"","description":"","description_en_us":"","description_de_de":"","description_fr_fr":"","description_it_it":"","description_es_es":"","description_i18n-key":"","col-span":"1","ignored":false,"ignored-run":"","visible":true,"visible-run":"","enabled":true,"enabled-run":"","required":true,"required-run":"","style-class":"","documentation":"","label":"Age","label_en_us":"Age","label_de_de":"","label_fr_fr":"","label_it_it":"Label","label_es_es":"","label_i18n-key":"","id":"cloud-integer-number4","width":"200","height":"","col":7,"col-align":"fill","col-weight":"","row":1,"row-align":"top","row-weight":"","size":6,"description-position":"bottom","description-align":"left","node-type":"","min-value":"","min-value-run":"","min-error-msg":"","min-error-msg_en_us":"","min-error-msg_de_de":"","min-error-msg_fr_fr":"","min-error-msg_it_it":"","min-error-msg_es_es":"","min-error-msg_i18n-key":"","max-value":"","max-value-run":"","max-error-msg":"","max-error-msg_en_us":"","max-error-msg_de_de":"","max-error-msg_fr_fr":"","max-error-msg_it_it":"","max-error-msg_es_es":"","max-error-msg_i18n-key":"","number-type":"integer","fraction-size":"0","number-format":"","number-provider-type":"one","xmlTag":"number"},"ssextensions":[],"outgoing":[],"dockers":[],"labels":[{"styles":{"fill":"#000000","size":"12","italic":false,"bold":false},"ref":"label_text"},{"styles":{"fill":"#000000","size":"12","italic":false,"bold":false},"ref":"input_text"},{"styles":{"fill":"#000000","size":"12","italic":false,"bold":false},"ref":"desc_text"}]},{"resourceId":"cloud-single-select3","stencil":{"id":"base-single-select"},"pathProperties":{"tags-enabled":"extraSettings.tagsEnabled","preselect-all":"extraSettings.preselectAll","selection-error-msg":"extraSettings.selectionErrorMessage","selection-error-msg_en_us":"i18n.en_us.extraSettings.selectionErrorMessage","selection-error-msg_de_de":"i18n.de_de.extraSettings.selectionErrorMessage","selection-error-msg_fr_fr":"i18n.fr_fr.extraSettings.selectionErrorMessage","selection-error-msg_it_it":"i18n.it_it.extraSettings.selectionErrorMessage","selection-error-msg_es_es":"i18n.es_es.extraSettings.selectionErrorMessage","selection-error-msg_i18n-key":"extraSettings.selectionErrorMessage","min-error-msg":"extraSettings.minItemsErrorMessage","min-error-msg_en_us":"i18n.en_us.extraSettings.minItemsErrorMessage","min-error-msg_de_de":"i18n.de_de.extraSettings.minItemsErrorMessage","min-error-msg_fr_fr":"i18n.fr_fr.extraSettings.minItemsErrorMessage","min-error-msg_it_it":"i18n.it_it.extraSettings.minItemsErrorMessage","min-error-msg_es_es":"i18n.es_es.extraSettings.minItemsErrorMessage","min-error-msg_i18n-key":"extraSettings.minItemsErrorMessage","max-error-msg":"extraSettings.maxItemsErrorMessage","max-error-msg_en_us":"i18n.en_us.extraSettings.maxItemsErrorMessage","max-error-msg_de_de":"i18n.de_de.extraSettings.maxItemsErrorMessage","max-error-msg_fr_fr":"i18n.fr_fr.extraSettings.maxItemsErrorMessage","max-error-msg_it_it":"i18n.it_it.extraSettings.maxItemsErrorMessage","max-error-msg_es_es":"i18n.es_es.extraSettings.maxItemsErrorMessage","max-error-msg_i18n-key":"extraSettings.maxItemsErrorMessage","min-items":"extraSettings.minItems","min-items-run":"extraSettings.minItems","max-items":"extraSettings.maxItems","max-items-run":"extraSettings.maxItems","enable-autocomplete":"extraSettings.enableAutocomplete","autocomplete-min-length":"extraSettings.autocompleteMinLength","autocomplete-min-length-run":"extraSettings.autocompleteMinLength","placeholder":"placeholder","placeholder_en_us":"i18n.en_us.placeholder","placeholder_de_de":"i18n.de_de.placeholder","placeholder_fr_fr":"i18n.fr_fr.placeholder","placeholder_it_it":"i18n.it_it.placeholder","placeholder_es_es":"i18n.es_es.placeholder","placeholder_i18n-key":"placeholder","enabled":"enabled","enabled-run":"enabled","datasource":"extraSettings.dataSource","options":"extraSettings.items","options_en_us":"i18n.en_us.extraSettings.items","options_en_us-run":"i18n.en_us.extraSettings.items","options_de_de":"i18n.de_de.extraSettings.items","options_de_de-run":"i18n.de_de.extraSettings.items","options_fr_fr":"i18n.fr_fr.extraSettings.items","options_fr_fr-run":"i18n.fr_fr.extraSettings.items","options_it_it":"i18n.it_it.extraSettings.items","options_it_it-run":"i18n.it_it.extraSettings.items","options_es_es":"i18n.es_es.extraSettings.items","options_es_es-run":"i18n.es_es.extraSettings.items","options-run":"extraSettings.items","options_i18n-key":"extraSettings.items","table-key":"extraSettings.tableKey","table-key-run":"extraSettings.tableKey","query-url":"extraSettings.queryUrl","query-url-run":"extraSettings.queryUrl","lookup-url":"extraSettings.lookupUrl","lookup-url-run":"extraSettings.lookupUrl","path":"extraSettings.path","search-query":"extraSettings.searchQuery","link-target-view":"extraSettings.linkTargetView","format-item":"extraSettings.formatItem","auto-complete-type":"extraSettings.storage","serialize-item":"extraSettings.identity","link-item":"extraSettings.linkUrl","link-target":"extraSettings.linkTarget","label-position":"labelAlign","tooltip":"tooltip","tooltip_en_us":"i18n.en_us.tooltip","tooltip_de_de":"i18n.de_de.tooltip","tooltip_fr_fr":"i18n.fr_fr.tooltip","tooltip_it_it":"i18n.it_it.tooltip","tooltip_es_es":"i18n.es_es.tooltip","tooltip_i18n-key":"tooltip","value":"value","default-value":"defaultValue","description":"description","description_en_us":"i18n.en_us.description","description_de_de":"i18n.de_de.description","description_fr_fr":"i18n.fr_fr.description","description_it_it":"i18n.it_it.description","description_es_es":"i18n.es_es.description","description_i18n-key":"description","col-span":"size","ignored":"ignore","ignored-run":"ignore","visible":"visible","visible-run":"visible","required":"isRequired","required-run":"isRequired","style-class":"styleClass","label":"label","label_en_us":"i18n.en_us.label","label_de_de":"i18n.de_de.label","label_fr_fr":"i18n.fr_fr.label","label_it_it":"i18n.it_it.label","label_es_es":"i18n.es_es.label","label_i18n-key":"label","id":"id","multi":"extraSettings.multi"},"xmlProperties":["tags-enabled","preselect-all","table-key","table-key-run","query-url","query-url-run","lookup-url","lookup-url-run","path","format-item","auto-complete-type","serialize-item","link-item"],"childShapes":[],"bounds":{"lowerRight":{"x":984,"y":146},"upperLeft":{"x":507,"y":98}},"outputmappingproperties":{"options":{"type":"complex","placeholders":[]},"options_en_us":{"type":"complex","placeholders":[]},"options_de_de":{"type":"complex","placeholders":[]},"options_fr_fr":{"type":"complex","placeholders":[]},"options_it_it":{"type":"complex","placeholders":[]},"options_es_es":{"type":"complex","placeholders":[]}},"properties":{"stencilid":"cloud-single-select","stencilsuperid":"base-single-select","stencilsuperids":["base-single-select"],"customstencil":false,"tags-enabled":false,"notes":"","preselect-all":false,"selection-error-msg":"","selection-error-msg_en_us":"","selection-error-msg_de_de":"","selection-error-msg_fr_fr":"","selection-error-msg_it_it":"","selection-error-msg_es_es":"","selection-error-msg_i18n-key":"","min-error-msg":"","min-error-msg_en_us":"","min-error-msg_de_de":"","min-error-msg_fr_fr":"","min-error-msg_it_it":"","min-error-msg_es_es":"","min-error-msg_i18n-key":"","max-error-msg":"","max-error-msg_en_us":"","max-error-msg_de_de":"","max-error-msg_fr_fr":"","max-error-msg_it_it":"","max-error-msg_es_es":"","max-error-msg_i18n-key":"","min-items":"","min-items-run":"","max-items":"","max-items-run":"","enable-autocomplete":false,"autocomplete-min-length":"1","autocomplete-min-length-run":"","placeholder":"","placeholder_en_us":"","placeholder_de_de":"","placeholder_fr_fr":"","placeholder_it_it":"","placeholder_es_es":"","placeholder_i18n-key":"","enabled":true,"enabled-run":"","datasource":"Static","options":"{\"totalCount\":7,\"items\":[{\"text\":\"Belgian\",\"value\":\"belgian\"},{\"text\":\"French\",\"value\":\"french\"},{\"text\":\"German\",\"value\":\"german\"},{\"text\":\"Italian\",\"value\":\"italian\"},{\"text\":\"Swiss\",\"value\":\"swiss\"},{\"text\":\"UK\",\"value\":\"UK\"},{\"text\":\"USA\",\"value\":\"USA\"}]}","options_en_us":"{\"totalCount\":7,\"items\":[{\"text\":\"Belgian\",\"value\":\"belgian\"},{\"text\":\"French\",\"value\":\"french\"},{\"text\":\"German\",\"value\":\"german\"},{\"text\":\"Italian\",\"value\":\"italian\"},{\"text\":\"Swiss\",\"value\":\"swiss\"},{\"text\":\"UK\",\"value\":\"UK\"},{\"text\":\"USA\",\"value\":\"USA\"}]}","options_en_us-run":"","options_de_de":"","options_de_de-run":"","options_fr_fr":"","options_fr_fr-run":"","options_it_it":"","options_it_it-run":"","options_es_es":"","options_es_es-run":"","options-run":"","options_i18n-key":"","table-key":"","table-key-run":"","query-url":"","query-url-run":"","lookup-url":"","lookup-url-run":"","path":"","search-query":"","link-target-view":"browse","format-item":"","auto-complete-type":"Id","serialize-item":"value","link-item":"","link-target":"_blank","label-position":"top","tooltip":"","tooltip_en_us":"","tooltip_de_de":"","tooltip_fr_fr":"","tooltip_it_it":"","tooltip_es_es":"","tooltip_i18n-key":"","value":"{{nationality}}","default-value":"","description":"","description_en_us":"","description_de_de":"","description_fr_fr":"","description_it_it":"","description_es_es":"","description_i18n-key":"","col-span":"1","ignored":false,"ignored-run":"","visible":true,"visible-run":"","required":false,"required-run":"","style-class":"","documentation":"","label":"Nationality","label_en_us":"Nationality","label_de_de":"","label_fr_fr":"","label_it_it":"Label","label_es_es":"","label_i18n-key":"","id":"cloud-single-select3","width":"200","height":"","col":7,"col-align":"fill","col-weight":"","row":2,"row-align":"top","row-weight":"","size":6,"description-position":"bottom","description-align":"left","node-type":"","multi":false,"xmlTag":"select"},"ssextensions":[],"outgoing":[],"dockers":[],"labels":[{"styles":{"fill":"#000000","size":"12","italic":false,"bold":false},"ref":"label_text"},{"styles":{"fill":"#000000","size":"12","italic":false,"bold":false},"ref":"input_text"},{"styles":{"fill":"#000000","size":"12","italic":false,"bold":false},"ref":"desc_text"}]},{"resourceId":"cloud-integer-number5","stencil":{"id":"IntegerNumber"},"pathProperties":{"placeholder":"placeholder","placeholder_en_us":"i18n.en_us.placeholder","placeholder_de_de":"i18n.de_de.placeholder","placeholder_fr_fr":"i18n.fr_fr.placeholder","placeholder_it_it":"i18n.it_it.placeholder","placeholder_es_es":"i18n.es_es.placeholder","placeholder_i18n-key":"placeholder","label-position":"labelAlign","tooltip":"tooltip","tooltip_en_us":"i18n.en_us.tooltip","tooltip_de_de":"i18n.de_de.tooltip","tooltip_fr_fr":"i18n.fr_fr.tooltip","tooltip_it_it":"i18n.it_it.tooltip","tooltip_es_es":"i18n.es_es.tooltip","tooltip_i18n-key":"tooltip","value":"value","default-value":"defaultValue","description":"description","description_en_us":"i18n.en_us.description","description_de_de":"i18n.de_de.description","description_fr_fr":"i18n.fr_fr.description","description_it_it":"i18n.it_it.description","description_es_es":"i18n.es_es.description","description_i18n-key":"description","col-span":"size","ignored":"ignore","ignored-run":"ignore","visible":"visible","visible-run":"visible","enabled":"enabled","enabled-run":"enabled","required":"isRequired","required-run":"isRequired","style-class":"styleClass","label":"label","label_en_us":"i18n.en_us.label","label_de_de":"i18n.de_de.label","label_fr_fr":"i18n.fr_fr.label","label_it_it":"i18n.it_it.label","label_es_es":"i18n.es_es.label","label_i18n-key":"label","id":"id","min-value":"extraSettings.min","min-value-run":"extraSettings.min","min-error-msg":"extraSettings.minValueErrorMessage","min-error-msg_en_us":"i18n.en_us.extraSettings.minValueErrorMessage","min-error-msg_de_de":"i18n.de_de.extraSettings.minValueErrorMessage","min-error-msg_fr_fr":"i18n.fr_fr.extraSettings.minValueErrorMessage","min-error-msg_it_it":"i18n.it_it.extraSettings.minValueErrorMessage","min-error-msg_es_es":"i18n.es_es.extraSettings.minValueErrorMessage","min-error-msg_i18n-key":"extraSettings.minValueErrorMessage","max-value":"extraSettings.max","max-value-run":"extraSettings.max","max-error-msg":"extraSettings.maxValueErrorMessage","max-error-msg_en_us":"i18n.en_us.extraSettings.maxValueErrorMessage","max-error-msg_de_de":"i18n.de_de.extraSettings.maxValueErrorMessage","max-error-msg_fr_fr":"i18n.fr_fr.extraSettings.maxValueErrorMessage","max-error-msg_it_it":"i18n.it_it.extraSettings.maxValueErrorMessage","max-error-msg_es_es":"i18n.es_es.extraSettings.maxValueErrorMessage","max-error-msg_i18n-key":"extraSettings.maxValueErrorMessage","number-type":"extraSettings.numberType","fraction-size":"extraSettings.fractionSize","number-format":"extraSettings.numberFormat","number-provider-type":"extraSettings.type"},"xmlProperties":[],"childShapes":[],"bounds":{"lowerRight":{"x":410,"y":292},"upperLeft":{"x":15,"y":244}},"properties":{"stencilid":"cloud-integer-number","stencilsuperid":"IntegerNumber","stencilsuperids":["IntegerNumber"],"customstencil":false,"bordercolor":"#000000","notes":"","placeholder":"","placeholder_en_us":"","placeholder_de_de":"","placeholder_fr_fr":"","placeholder_it_it":"","placeholder_es_es":"","placeholder_i18n-key":"","label-position":"top","tooltip":"","tooltip_en_us":"","tooltip_de_de":"","tooltip_fr_fr":"","tooltip_it_it":"","tooltip_es_es":"","tooltip_i18n-key":"","value":"{{requestedLoan}}","default-value":"","description":"","description_en_us":"","description_de_de":"","description_fr_fr":"","description_it_it":"","description_es_es":"","description_i18n-key":"","col-span":"1","ignored":false,"ignored-run":"","visible":true,"visible-run":"","enabled":true,"enabled-run":"","required":true,"required-run":"","style-class":"","documentation":"","label":"Requested loan","label_en_us":"Requested loan","label_de_de":"","label_fr_fr":"","label_it_it":"Label","label_es_es":"","label_i18n-key":"","id":"cloud-integer-number5","width":"200","height":"","col":1,"col-align":"fill","col-weight":"","row":3,"row-align":"top","row-weight":"","size":5,"description-position":"bottom","description-align":"left","node-type":"","min-value":"","min-value-run":"","min-error-msg":"","min-error-msg_en_us":"","min-error-msg_de_de":"","min-error-msg_fr_fr":"","min-error-msg_it_it":"","min-error-msg_es_es":"","min-error-msg_i18n-key":"","max-value":"","max-value-run":"","max-error-msg":"","max-error-msg_en_us":"","max-error-msg_de_de":"","max-error-msg_fr_fr":"","max-error-msg_it_it":"","max-error-msg_es_es":"","max-error-msg_i18n-key":"","number-type":"integer","fraction-size":"0","number-format":"","number-provider-type":"one","xmlTag":"number"},"ssextensions":[],"outgoing":[],"dockers":[],"labels":[{"styles":{"fill":"#000000","size":"12","italic":false,"bold":false},"ref":"label_text"},{"styles":{"fill":"#000000","size":"12","italic":false,"bold":false},"ref":"input_text"},{"styles":{"fill":"#000000","size":"12","italic":false,"bold":false},"ref":"desc_text"}]},{"resourceId":"cloud-integer-number6","stencil":{"id":"IntegerNumber"},"pathProperties":{"placeholder":"placeholder","placeholder_en_us":"i18n.en_us.placeholder","placeholder_de_de":"i18n.de_de.placeholder","placeholder_fr_fr":"i18n.fr_fr.placeholder","placeholder_it_it":"i18n.it_it.placeholder","placeholder_es_es":"i18n.es_es.placeholder","placeholder_i18n-key":"placeholder","label-position":"labelAlign","tooltip":"tooltip","tooltip_en_us":"i18n.en_us.tooltip","tooltip_de_de":"i18n.de_de.tooltip","tooltip_fr_fr":"i18n.fr_fr.tooltip","tooltip_it_it":"i18n.it_it.tooltip","tooltip_es_es":"i18n.es_es.tooltip","tooltip_i18n-key":"tooltip","value":"value","default-value":"defaultValue","description":"description","description_en_us":"i18n.en_us.description","description_de_de":"i18n.de_de.description","description_fr_fr":"i18n.fr_fr.description","description_it_it":"i18n.it_it.description","description_es_es":"i18n.es_es.description","description_i18n-key":"description","col-span":"size","ignored":"ignore","ignored-run":"ignore","visible":"visible","visible-run":"visible","enabled":"enabled","enabled-run":"enabled","required":"isRequired","required-run":"isRequired","style-class":"styleClass","label":"label","label_en_us":"i18n.en_us.label","label_de_de":"i18n.de_de.label","label_fr_fr":"i18n.fr_fr.label","label_it_it":"i18n.it_it.label","label_es_es":"i18n.es_es.label","label_i18n-key":"label","id":"id","min-value":"extraSettings.min","min-value-run":"extraSettings.min","min-error-msg":"extraSettings.minValueErrorMessage","min-error-msg_en_us":"i18n.en_us.extraSettings.minValueErrorMessage","min-error-msg_de_de":"i18n.de_de.extraSettings.minValueErrorMessage","min-error-msg_fr_fr":"i18n.fr_fr.extraSettings.minValueErrorMessage","min-error-msg_it_it":"i18n.it_it.extraSettings.minValueErrorMessage","min-error-msg_es_es":"i18n.es_es.extraSettings.minValueErrorMessage","min-error-msg_i18n-key":"extraSettings.minValueErrorMessage","max-value":"extraSettings.max","max-value-run":"extraSettings.max","max-error-msg":"extraSettings.maxValueErrorMessage","max-error-msg_en_us":"i18n.en_us.extraSettings.maxValueErrorMessage","max-error-msg_de_de":"i18n.de_de.extraSettings.maxValueErrorMessage","max-error-msg_fr_fr":"i18n.fr_fr.extraSettings.maxValueErrorMessage","max-error-msg_it_it":"i18n.it_it.extraSettings.maxValueErrorMessage","max-error-msg_es_es":"i18n.es_es.extraSettings.maxValueErrorMessage","max-error-msg_i18n-key":"extraSettings.maxValueErrorMessage","number-type":"extraSettings.numberType","fraction-size":"extraSettings.fractionSize","number-format":"extraSettings.numberFormat","number-provider-type":"extraSettings.type"},"xmlProperties":[],"childShapes":[],"bounds":{"lowerRight":{"x":984,"y":292},"upperLeft":{"x":507,"y":244}},"properties":{"stencilid":"cloud-integer-number","stencilsuperid":"IntegerNumber","stencilsuperids":["IntegerNumber"],"customstencil":false,"bordercolor":"#000000","notes":"","placeholder":"","placeholder_en_us":"","placeholder_de_de":"","placeholder_fr_fr":"","placeholder_it_it":"","placeholder_es_es":"","placeholder_i18n-key":"","label-position":"top","tooltip":"","tooltip_en_us":"","tooltip_de_de":"","tooltip_fr_fr":"","tooltip_it_it":"","tooltip_es_es":"","tooltip_i18n-key":"","value":"{{salary}}","default-value":"","description":"","description_en_us":"","description_de_de":"","description_fr_fr":"","description_it_it":"","description_es_es":"","description_i18n-key":"","col-span":"1","ignored":false,"ignored-run":"","visible":true,"visible-run":"","enabled":true,"enabled-run":"","required":true,"required-run":"","style-class":"","documentation":"","label":"Salary","label_en_us":"Salary","label_de_de":"","label_fr_fr":"","label_it_it":"Label","label_es_es":"","label_i18n-key":"","id":"cloud-integer-number6","width":"200","height":"","col":7,"col-align":"fill","col-weight":"","row":3,"row-align":"top","row-weight":"","size":6,"description-position":"bottom","description-align":"left","node-type":"","min-value":"","min-value-run":"","min-error-msg":"","min-error-msg_en_us":"","min-error-msg_de_de":"","min-error-msg_fr_fr":"","min-error-msg_it_it":"","min-error-msg_es_es":"","min-error-msg_i18n-key":"","max-value":"","max-value-run":"","max-error-msg":"","max-error-msg_en_us":"","max-error-msg_de_de":"","max-error-msg_fr_fr":"","max-error-msg_it_it":"","max-error-msg_es_es":"","max-error-msg_i18n-key":"","number-type":"integer","fraction-size":"0","number-format":"","number-provider-type":"one","xmlTag":"number"},"ssextensions":[],"outgoing":[],"dockers":[],"labels":[{"styles":{"fill":"#000000","size":"12","italic":false,"bold":false},"ref":"label_text"},{"styles":{"fill":"#000000","size":"12","italic":false,"bold":false},"ref":"input_text"},{"styles":{"fill":"#000000","size":"12","italic":false,"bold":false},"ref":"desc_text"}]}],"bounds":{"lowerRight":{"x":1049,"y":367},"upperLeft":{"x":50,"y":50}},"oldResourceId":"sid-8D9FC954-EB33-4C05-ADF0-5706EF50E974","properties":{"stencilid":"SlotPanel","stencilsuperid":"SlotPanel","stencilsuperids":["SlotPanel"],"customstencil":false,"id":"panel1","notes":"","width":"300"},"ssextensions":[],"outgoing":[],"dockers":[]}],"bounds":{"lowerRight":{"x":1485,"y":1050},"upperLeft":{"x":0,"y":0}},"outputmappingproperties":{"outcomes":{"type":"complex","placeholders":[]},"datamodel":{"type":"complex","placeholders":[]}},"properties":{"stencilid":"XForm","stencilsuperid":"XForm","stencilsuperids":["XForm"],"customstencil":false,"id":"loan_details","notes":"","name":"loan details","guid":"FORM_MODEL-cca15db0-ae87-47f4-8c68-1d75db56b2e2","creationdate":"2019-08-14T17:00:07.702Z","modificationdate":"2019-08-14T17:00:39.131Z","outcomes":"{\"totalCount\":0,\"items\":[]}","outcomevariablename":"","datamodel":"","dialog-size":"","dialog-title":"","dialog-description":"","description":""},"ssextensions":[],"stencilset":{"url":"./app/editor_stencilset","paletteKey":"flowable-form-palette","namespace":"http://b3mn.org/stencilset/xforms#"}}}