{"id":"FORM_MODEL-29882cf7-019a-4b2d-b6ba-64534a830f20","name":"Review Identification","key":"reviewIdentification","description":"","editorJson":{"resourceId":"editor_FORM_MODEL-29882cf7-019a-4b2d-b6ba-64534a830f20","stencil":{"id":"XForm"},"pathProperties":{"outcomes":"outcomes","outcomevariablename":"outcomeVariableName","datamodel":"dataModel","dialog-size":"dialogSize","dialog-title":"dialogTitle","dialog-description":"dialogDescription"},"xmlProperties":[],"childShapes":[{"resourceId":"panel1","stencil":{"id":"SlotPanel"},"pathProperties":{"id":"id"},"xmlProperties":[],"childShapes":[{"resourceId":"output1","stencil":{"id":"Output"},"pathProperties":{"label":"label","label_en_us":"i18n.en_us.label","label_de_de":"i18n.de_de.label","label_fr_fr":"i18n.fr_fr.label","label_it_it":"i18n.it_it.label","label_es_es":"i18n.es_es.label","label_i18n-key":"label","label-position":"labelAlign","tooltip":"tooltip","tooltip_en_us":"i18n.en_us.tooltip","tooltip_de_de":"i18n.de_de.tooltip","tooltip_fr_fr":"i18n.fr_fr.tooltip","tooltip_it_it":"i18n.it_it.tooltip","tooltip_es_es":"i18n.es_es.tooltip","tooltip_i18n-key":"tooltip","value":"value","default-value":"defaultValue","description":"description","description_en_us":"i18n.en_us.description","description_de_de":"i18n.de_de.description","description_fr_fr":"i18n.fr_fr.description","description_it_it":"i18n.it_it.description","description_es_es":"i18n.es_es.description","description_i18n-key":"description","col-span":"size","ignored":"ignore","ignored-run":"ignore","visible":"visible","visible-run":"visible","enabled":"enabled","enabled-run":"enabled","required":"isRequired","required-run":"isRequired","style-class":"styleClass","id":"id","height":"height","value_en_us":"i18n.en_us.value","value_de_de":"i18n.de_de.value","value_fr_fr":"i18n.fr_fr.value","value_it_it":"i18n.it_it.value","value_es_es":"i18n.es_es.value","value_i18n-key":"value"},"xmlProperties":[],"childShapes":[],"bounds":{"lowerRight":{"x":492,"y":97},"upperLeft":{"x":15,"y":25}},"properties":{"stencilid":"cloud-output","stencilsuperid":"Output","stencilsuperids":["Output"],"customstencil":false,"bordercolor":"#000000","notes":"","label":"Please review","label_en_us":"Please review","label_de_de":"","label_fr_fr":"","label_it_it":"","label_es_es":"","label_i18n-key":"","label-position":"top","tooltip":"","tooltip_en_us":"","tooltip_de_de":"","tooltip_fr_fr":"","tooltip_it_it":"","tooltip_es_es":"","tooltip_i18n-key":"","value":"<p>Is this acceptable documentation for identity verification?</p>\n","default-value":"false","description":"","description_en_us":"","description_de_de":"","description_fr_fr":"","description_it_it":"","description_es_es":"","description_i18n-key":"","col-span":"1","ignored":false,"ignored-run":"","visible":true,"visible-run":"","enabled":true,"enabled-run":"","required":false,"required-run":"","style-class":"","documentation":"","id":"output1","width":"200","height":"","col":1,"col-align":"fill","col-weight":"","row":1,"row-align":"top","row-weight":"","size":6,"description-position":"bottom","description-align":"left","node-type":"","value_en_us":"<p>Is this acceptable documentation for identity verification?</p>\n","value_de_de":"","value_fr_fr":"","value_it_it":"","value_es_es":"","value_i18n-key":"","max-length":"","rich-text":true,"xmlTag":"htmlComponent"},"ssextensions":[],"outgoing":[],"dockers":[],"labels":[{"styles":{"fill":"#000000","size":"12","italic":false,"bold":false},"ref":"label_text"},{"styles":{"fill":"#000000","size":"12","italic":false,"bold":false},"ref":"input_text"},{"styles":{"fill":"#000000","size":"12","italic":false,"bold":false},"ref":"desc_text"}]},{"resourceId":"attachment1","stencil":{"id":"base-attachment"},"pathProperties":{"label-position":"labelAlign","tooltip":"tooltip","tooltip_en_us":"i18n.en_us.tooltip","tooltip_de_de":"i18n.de_de.tooltip","tooltip_fr_fr":"i18n.fr_fr.tooltip","tooltip_it_it":"i18n.it_it.tooltip","tooltip_es_es":"i18n.es_es.tooltip","tooltip_i18n-key":"tooltip","value":"value","default-value":"defaultValue","description":"description","description_en_us":"i18n.en_us.description","description_de_de":"i18n.de_de.description","description_fr_fr":"i18n.fr_fr.description","description_it_it":"i18n.it_it.description","description_es_es":"i18n.es_es.description","description_i18n-key":"description","col-span":"size","ignored":"ignore","ignored-run":"ignore","visible":"visible","visible-run":"visible","enabled":"enabled","enabled-run":"enabled","required":"isRequired","required-run":"isRequired","style-class":"styleClass","label":"label","label_en_us":"i18n.en_us.label","label_de_de":"i18n.de_de.label","label_fr_fr":"i18n.fr_fr.label","label_it_it":"i18n.it_it.label","label_es_es":"i18n.es_es.label","label_i18n-key":"label","id":"id","autoupload":"extraSettings.autoupload","upload-url":"extraSettings.uploadUrl","download-url":"extraSettings.downloadUrl","update-file-url":"extraSettings.updateFileUrl","delete-url":"extraSettings.deleteUrl","allow-delete":"extraSettings.allowDelete","preview":"extraSettings.preview","thumbnail-max-height":"extraSettings.thumbnailMaxHeight","min-files":"extraSettings.minFiles","min-files-run":"extraSettings.minFiles","min-files-error-msg":"extraSettings.minFilesErrorMessage","min-files-error-msg_en_us":"i18n.en_us.extraSettings.minFilesErrorMessage","min-files-error-msg_de_de":"i18n.de_de.extraSettings.minFilesErrorMessage","min-files-error-msg_fr_fr":"i18n.fr_fr.extraSettings.minFilesErrorMessage","min-files-error-msg_it_it":"i18n.it_it.extraSettings.minFilesErrorMessage","min-files-error-msg_es_es":"i18n.es_es.extraSettings.minFilesErrorMessage","min-files-error-msg_i18n-key":"extraSettings.minFilesErrorMessage","max-files":"extraSettings.maxFiles","max-files-run":"extraSettings.maxFiles","max-files-error-msg":"extraSettings.maxFilesErrorMessage","max-files-error-msg_en_us":"i18n.en_us.extraSettings.maxFilesErrorMessage","max-files-error-msg_de_de":"i18n.de_de.extraSettings.maxFilesErrorMessage","max-files-error-msg_fr_fr":"i18n.fr_fr.extraSettings.maxFilesErrorMessage","max-files-error-msg_it_it":"i18n.it_it.extraSettings.maxFilesErrorMessage","max-files-error-msg_es_es":"i18n.es_es.extraSettings.maxFilesErrorMessage","max-files-error-msg_i18n-key":"extraSettings.maxFilesErrorMessage","accept-file-types":"extraSettings.acceptFileTypes","has-file-type":"extraSettings.hasFileType","allowed-file-types":"extraSettings.allowedFileTypes","require-file-type":"extraSettings.requireFileType","select-files-text":"extraSettings.selectFilesText","select-files-text_en_us":"i18n.en_us.extraSettings.selectFilesText","select-files-text_de_de":"i18n.de_de.extraSettings.selectFilesText","select-files-text_fr_fr":"i18n.fr_fr.extraSettings.selectFilesText","select-files-text_it_it":"i18n.it_it.extraSettings.selectFilesText","select-files-text_es_es":"i18n.es_es.extraSettings.selectFilesText","select-files-text_i18n-key":"extraSettings.selectFilesText","drop-files-text":"extraSettings.dropFilesText","drop-files-text_en_us":"i18n.en_us.extraSettings.dropFilesText","drop-files-text_de_de":"i18n.de_de.extraSettings.dropFilesText","drop-files-text_fr_fr":"i18n.fr_fr.extraSettings.dropFilesText","drop-files-text_it_it":"i18n.it_it.extraSettings.dropFilesText","drop-files-text_es_es":"i18n.es_es.extraSettings.dropFilesText","drop-files-text_i18n-key":"extraSettings.dropFilesText","allowed-files-text":"extraSettings.allowedFilesText","allowed-files-text_en_us":"i18n.en_us.extraSettings.allowedFilesText","allowed-files-text_de_de":"i18n.de_de.extraSettings.allowedFilesText","allowed-files-text_fr_fr":"i18n.fr_fr.extraSettings.allowedFilesText","allowed-files-text_it_it":"i18n.it_it.extraSettings.allowedFilesText","allowed-files-text_es_es":"i18n.es_es.extraSettings.allowedFilesText","allowed-files-text_i18n-key":"extraSettings.allowedFilesText","max-files-text":"extraSettings.maxFilesText","max-files-text_en_us":"i18n.en_us.extraSettings.maxFilesText","max-files-text_de_de":"i18n.de_de.extraSettings.maxFilesText","max-files-text_fr_fr":"i18n.fr_fr.extraSettings.maxFilesText","max-files-text_it_it":"i18n.it_it.extraSettings.maxFilesText","max-files-text_es_es":"i18n.es_es.extraSettings.maxFilesText","max-files-text_i18n-key":"extraSettings.maxFilesText"},"xmlProperties":["thumbnail-max-height","min-files","min-files-run","min-files-error-msg","min-files-error-msg_en_us","min-files-error-msg_de_de","min-files-error-msg_fr_fr","min-files-error-msg_it_it","min-files-error-msg_es_es","min-files-error-msg_i18n-key","max-files","max-files-run","max-files-error-msg","max-files-error-msg_en_us","max-files-error-msg_de_de","max-files-error-msg_fr_fr","max-files-error-msg_it_it","max-files-error-msg_es_es","max-files-error-msg_i18n-key","accept-file-types"],"childShapes":[],"bounds":{"lowerRight":{"x":984,"y":73},"upperLeft":{"x":507,"y":25}},"properties":{"stencilid":"cloud-attachment","stencilsuperid":"base-attachment","stencilsuperids":["base-attachment"],"customstencil":false,"bordercolor":"#000000","notes":"","label-position":"top","tooltip":"","tooltip_en_us":"","tooltip_de_de":"","tooltip_fr_fr":"","tooltip_it_it":"","tooltip_es_es":"","tooltip_i18n-key":"","value":"{{documentImage}}","default-value":"","description":"","description_en_us":"","description_de_de":"","description_fr_fr":"","description_it_it":"","description_es_es":"","description_i18n-key":"","col-span":"1","ignored":false,"ignored-run":"","visible":true,"visible-run":"","enabled":false,"enabled-run":"","required":false,"required-run":"","style-class":"","documentation":"","label":"Document image","label_en_us":"Document image","label_de_de":"Label","label_fr_fr":"Label","label_it_it":"Label","label_es_es":"Label","label_i18n-key":"","id":"attachment1","width":"200","height":"","col":7,"col-align":"fill","col-weight":"","row":1,"row-align":"top","row-weight":"","size":6,"description-position":"bottom","description-align":"left","node-type":"","endpoint":"","autoupload":"true","upload-url":"","download-url":"rest/file/{{id}}","update-file-url":"","delete-url":"","allow-delete":"false","file-attachment-strategy":"all-files-on-current-work-item","preview":"thumbnail","thumbnail-max-height":"","min-files":"","min-files-run":"","min-files-error-msg":"","min-files-error-msg_en_us":"","min-files-error-msg_de_de":"","min-files-error-msg_fr_fr":"","min-files-error-msg_it_it":"","min-files-error-msg_es_es":"","min-files-error-msg_i18n-key":"","max-files":"","max-files-run":"","max-files-error-msg":"","max-files-error-msg_en_us":"","max-files-error-msg_de_de":"","max-files-error-msg_fr_fr":"","max-files-error-msg_it_it":"","max-files-error-msg_es_es":"","max-files-error-msg_i18n-key":"","accept-file-types":"","has-file-type":true,"allowed-file-types":"","require-file-type":false,"select-files-text":"","select-files-text_en_us":"","select-files-text_de_de":"","select-files-text_fr_fr":"","select-files-text_it_it":"","select-files-text_es_es":"","select-files-text_i18n-key":"","drop-files-text":"","drop-files-text_en_us":"","drop-files-text_de_de":"","drop-files-text_fr_fr":"","drop-files-text_it_it":"","drop-files-text_es_es":"","drop-files-text_i18n-key":"","allowed-files-text":"","allowed-files-text_en_us":"","allowed-files-text_de_de":"","allowed-files-text_fr_fr":"","allowed-files-text_it_it":"","allowed-files-text_es_es":"","allowed-files-text_i18n-key":"","max-files-text":"","max-files-text_en_us":"","max-files-text_de_de":"","max-files-text_fr_fr":"","max-files-text_it_it":"","max-files-text_es_es":"","max-files-text_i18n-key":"","xmlTag":"upload"},"ssextensions":[],"outgoing":[],"dockers":[],"labels":[{"styles":{"fill":"#000000","size":"12","italic":false,"bold":false},"ref":"label_text"},{"styles":{"fill":"#000000","size":"12","italic":false,"bold":false},"ref":"input_text"},{"styles":{"fill":"#000000","size":"12","italic":false,"bold":false},"ref":"desc_text"}]}],"bounds":{"lowerRight":{"x":1049,"y":172},"upperLeft":{"x":50,"y":50}},"oldResourceId":"sid-8D9FC954-EB33-4C05-ADF0-5706EF50E974","properties":{"stencilid":"SlotPanel","stencilsuperid":"SlotPanel","stencilsuperids":["SlotPanel"],"customstencil":false,"id":"panel1","notes":"","width":"300"},"ssextensions":[],"outgoing":[],"dockers":[]}],"bounds":{"lowerRight":{"x":1485,"y":1050},"upperLeft":{"x":0,"y":0}},"outputmappingproperties":{"outcomes":{"type":"complex","placeholders":[]},"datamodel":{"type":"complex","placeholders":[]}},"properties":{"stencilid":"XForm","stencilsuperid":"XForm","stencilsuperids":["XForm"],"customstencil":false,"id":"reviewIdentification","notes":"","name":"Review Identification","guid":"FORM_MODEL-29882cf7-019a-4b2d-b6ba-64534a830f20","creationdate":"2019-08-14T16:56:33.254Z","modificationdate":"2019-08-14T17:01:37.888Z","outcomes":{"totalCount":2,"items":[{"label":"Accept","value":"accept","visible":"","enabled":"","navigationUrl":""},{"label":"Reject","value":"reject","visible":"","enabled":"","navigationUrl":""}]},"outcomevariablename":"","datamodel":"","dialog-size":"","dialog-title":"","dialog-description":"","description":""},"ssextensions":[],"stencilset":{"url":"./app/editor_stencilset","paletteKey":"flowable-form-palette","namespace":"http://b3mn.org/stencilset/xforms#"}}}