{"id":"FORM_MODEL-3912b262-6456-42ae-9330-dd53b7e2d798","name":"Wedding certificate","key":"weddingCertificate","description":"","editorJson":{"resourceId":"editor_FORM_MODEL-3912b262-6456-42ae-9330-dd53b7e2d798","stencil":{"id":"XForm"},"pathProperties":{"outcomes":"outcomes","outcomevariablename":"outcomeVariableName","datamodel":"dataModel","dialog-size":"dialogSize","dialog-title":"dialogTitle","dialog-description":"dialogDescription"},"xmlProperties":[],"childShapes":[{"resourceId":"panel1","stencil":{"id":"SlotPanel"},"pathProperties":{"id":"id"},"xmlProperties":[],"childShapes":[{"resourceId":"date1","stencil":{"id":"base-date"},"pathProperties":{"placeholder":"placeholder","placeholder_en_us":"i18n.en_us.placeholder","placeholder_de_de":"i18n.de_de.placeholder","placeholder_fr_fr":"i18n.fr_fr.placeholder","placeholder_it_it":"i18n.it_it.placeholder","placeholder_es_es":"i18n.es_es.placeholder","placeholder_i18n-key":"placeholder","label-position":"labelAlign","tooltip":"tooltip","tooltip_en_us":"i18n.en_us.tooltip","tooltip_de_de":"i18n.de_de.tooltip","tooltip_fr_fr":"i18n.fr_fr.tooltip","tooltip_it_it":"i18n.it_it.tooltip","tooltip_es_es":"i18n.es_es.tooltip","tooltip_i18n-key":"tooltip","value":"value","default-value":"defaultValue","description":"description","description_en_us":"i18n.en_us.description","description_de_de":"i18n.de_de.description","description_fr_fr":"i18n.fr_fr.description","description_it_it":"i18n.it_it.description","description_es_es":"i18n.es_es.description","description_i18n-key":"description","col-span":"size","ignored":"ignore","ignored-run":"ignore","visible":"visible","visible-run":"visible","enabled":"enabled","enabled-run":"enabled","required":"isRequired","required-run":"isRequired","style-class":"styleClass","label":"label","label_en_us":"i18n.en_us.label","label_de_de":"i18n.de_de.label","label_fr_fr":"i18n.fr_fr.label","label_it_it":"i18n.it_it.label","label_es_es":"i18n.es_es.label","label_i18n-key":"label","id":"id","enable-time":"extraSettings.enableTime","time-interval":"extraSettings.timeInterval","format":"extraSettings.format","min-date":"extraSettings.minDate","min-date-error-msg":"extraSettings.minDateErrorMessage","min-date-error-msg_en_us":"i18n.en_us.extraSettings.minDateErrorMessage","min-date-error-msg_de_de":"i18n.de_de.extraSettings.minDateErrorMessage","min-date-error-msg_fr_fr":"i18n.fr_fr.extraSettings.minDateErrorMessage","min-date-error-msg_it_it":"i18n.it_it.extraSettings.minDateErrorMessage","min-date-error-msg_es_es":"i18n.es_es.extraSettings.minDateErrorMessage","min-date-error-msg_i18n-key":"extraSettings.minDateErrorMessage","max-date":"extraSettings.maxDate","max-date-error-msg":"extraSettings.maxDateErrorMessage","max-date-error-msg_en_us":"i18n.en_us.extraSettings.maxDateErrorMessage","max-date-error-msg_de_de":"i18n.de_de.extraSettings.maxDateErrorMessage","max-date-error-msg_fr_fr":"i18n.fr_fr.extraSettings.maxDateErrorMessage","max-date-error-msg_it_it":"i18n.it_it.extraSettings.maxDateErrorMessage","max-date-error-msg_es_es":"i18n.es_es.extraSettings.maxDateErrorMessage","max-date-error-msg_i18n-key":"extraSettings.maxDateErrorMessage"},"xmlProperties":["min-date","min-date-error-msg","min-date-error-msg_en_us","min-date-error-msg_de_de","min-date-error-msg_fr_fr","min-date-error-msg_it_it","min-date-error-msg_es_es","min-date-error-msg_i18n-key","max-date","max-date-error-msg","max-date-error-msg_en_us","max-date-error-msg_de_de","max-date-error-msg_fr_fr","max-date-error-msg_it_it","max-date-error-msg_es_es","max-date-error-msg_i18n-key"],"childShapes":[],"bounds":{"lowerRight":{"x":492,"y":73},"upperLeft":{"x":15,"y":25}},"properties":{"stencilid":"cloud-date","stencilsuperid":"base-date","stencilsuperids":["base-date"],"customstencil":false,"bordercolor":"#000000","notes":"","placeholder":"","placeholder_en_us":"","placeholder_de_de":"","placeholder_fr_fr":"","placeholder_it_it":"","placeholder_es_es":"","placeholder_i18n-key":"","label-position":"top","tooltip":"","tooltip_en_us":"","tooltip_de_de":"","tooltip_fr_fr":"","tooltip_it_it":"","tooltip_es_es":"","tooltip_i18n-key":"","value":"{{dateOfMarriage}}","default-value":"","description":"","description_en_us":"","description_de_de":"","description_fr_fr":"","description_it_it":"","description_es_es":"","description_i18n-key":"","col-span":"1","ignored":false,"ignored-run":"","visible":true,"visible-run":"","enabled":true,"enabled-run":"","required":false,"required-run":"","style-class":"","documentation":"","label":"Date of marriage","label_en_us":"Date of marriage","label_de_de":"Label","label_fr_fr":"Label","label_it_it":"Label","label_es_es":"Label","label_i18n-key":"","id":"date1","width":"200","height":"","col":1,"col-align":"fill","col-weight":"","row":1,"row-align":"top","row-weight":"","size":6,"description-position":"bottom","description-align":"left","node-type":"","enable-time":false,"time-interval":"15","format":"","min-date":"","min-date-error-msg":"","min-date-error-msg_en_us":"","min-date-error-msg_de_de":"","min-date-error-msg_fr_fr":"","min-date-error-msg_it_it":"","min-date-error-msg_es_es":"","min-date-error-msg_i18n-key":"","max-date":"","max-date-error-msg":"","max-date-error-msg_en_us":"","max-date-error-msg_de_de":"","max-date-error-msg_fr_fr":"","max-date-error-msg_it_it":"","max-date-error-msg_es_es":"","max-date-error-msg_i18n-key":"","xmlTag":"date"},"ssextensions":[],"outgoing":[],"dockers":[],"labels":[{"styles":{"fill":"#000000","size":"12","italic":false,"bold":false},"ref":"label_text"},{"styles":{"fill":"#000000","size":"12","italic":false,"bold":false},"ref":"input_text"},{"styles":{"fill":"#000000","size":"12","italic":false,"bold":false},"ref":"desc_text"}]}],"bounds":{"lowerRight":{"x":1049,"y":148},"upperLeft":{"x":50,"y":50}},"oldResourceId":"sid-8D9FC954-EB33-4C05-ADF0-5706EF50E974","properties":{"stencilid":"SlotPanel","stencilsuperid":"SlotPanel","stencilsuperids":["SlotPanel"],"customstencil":false,"id":"panel1","notes":"","width":"300"},"ssextensions":[],"outgoing":[],"dockers":[]}],"bounds":{"lowerRight":{"x":1485,"y":1050},"upperLeft":{"x":0,"y":0}},"outputmappingproperties":{"outcomes":{"type":"complex","placeholders":[]},"datamodel":{"type":"complex","placeholders":[]}},"properties":{"stencilid":"XForm","stencilsuperid":"XForm","stencilsuperids":["XForm"],"customstencil":false,"id":"weddingCertificate","notes":"","name":"Wedding certificate","guid":"FORM_MODEL-3912b262-6456-42ae-9330-dd53b7e2d798","creationdate":"2019-08-14T16:56:55.413Z","modificationdate":"2019-08-14T17:01:07.629Z","outcomes":"","outcomevariablename":"","datamodel":"","dialog-size":"","dialog-title":"","dialog-description":"","description":""},"ssextensions":[],"stencilset":{"url":"./app/editor_stencilset","paletteKey":"flowable-form-palette","namespace":"http://b3mn.org/stencilset/xforms#"}}}