<?xml version="1.0" encoding="UTF-8"?>
<databaseChangeLog xmlns="http://www.liquibase.org/xml/ns/dbchangelog" xmlns:xsi="http://www.w3.org/2001/XMLSchema-instance" xsi:schemaLocation="http://www.liquibase.org/xml/ns/dbchangelog http://www.liquibase.org/xml/ns/dbchangelog/dbchangelog-3.0.xsd" logicalFilePath="DEMO-L1">
    <property name="datetime.type" value="datetime2" dbms="mssql"/>
    <property name="datetime.type" value="datetime"/>
    <property name="varchar.type" value="nvarchar" dbms="mssql"/>
    <property name="varchar.type" value="varchar"/>
    <property name="serviceDefinitionReferences" value="addressDBService"/>

    <changeSet id="1" author="flowable">
        <createTable tableName="ADDRESS">
            <column name="ID" type="${varchar.type}(255)">
                <constraints nullable="false" primaryKey="true"/>
            </column>
            <column name="TITLE" type="${varchar.type}(255)"/>
            <column name="NAME" type="${varchar.type}(255)"/>
            <column name="STREET" type="${varchar.type}(255)"/>
            <column name="CITY" type="${varchar.type}(255)"/>
            <column name="COUNTRY" type="${varchar.type}(255)"/>
            <column name="ZIP_CODE" type="${varchar.type}(255)"/>
        </createTable>
    </changeSet>
</databaseChangeLog>
