{"id":"DATA_OBJECT_MODEL-8d026129-ae0e-49fa-9e93-f573c7a1e7ff","name":"Address","key":"DEMO-DOB1","description":null,"tenantId":"default","editorJson":{"fieldMappings":[{"label":"ID","name":"id","type":"STRING","description":""},{"label":"Title","name":"title","type":"STRING","description":""},{"label":"Name","name":"name","type":"STRING","description":""},{"label":"Street","name":"street","type":"STRING","description":""},{"label":"Zip Code","name":"zipCode","type":"STRING","description":""},{"label":"City","name":"city","type":"STRING","description":""},{"label":"Country","name":"country","type":"STRING","description":""}],"dataObjectType":"serviceRegistryDataObject","sourceId":"flowableServiceRegistryDataSource"}}