[{
        "key": "admin-flowable",
        "name": "Flowable Administration User",
        "description": "Creates Flowable administration user.",
        "initialUserSubType": "admin",
        "initialState": "ACTIVE",
        "initialSubState": "ACTIVE",
        "forms": {
            "init": "F01_userInitFormDefault",
            "view": "F02_userViewFormDefault",
            "edit": "F03_userEditFormDefault"
        },
        "memberGroups": [
            "flowableUser",
            "flowableAdministrator",
            "flowableWorkIndexingUser",
            "flowableWorkIndexingAdministrator",
            "employee"
        ],
        "lookupGroups": [
            "flowableWorkIndexingUser"
        ],
        "actionPermissions": {
            "create": ["flowableAdministrator"],
            "edit": ["flowableAdministrator"],
            "deactivate": ["flowableAdministrator"],
            "activate": ["flowableAdministrator"]
        },
        "initialVariables": {
            "adminUser": true,
            "description": "Admin"
        },
        "conversationFilters": ["all"],
        "contactFilters": ["all", "active", "inactive"],
        "allowedFeatures": [
            "contacts",
            "editContactAvatar",
            "changeOwnPassword",
            "createUser",
            "changeContactPassword",
            "work",
            "createWork",
            "cases",
            "processes",
            "reports",
            "reportsMetrics",
            "tasks",
            "templateManagement",

            "actuators"
        ]
    },
    {
        "key": "admin-flowableWorkIndexing",
        "name": "Flowable Work Indexing Administration User",
        "description": "Creates a new Flowable Work Indexing Administration user.",
        "initialUserSubType": "admin",
        "initialState": "ACTIVE",
        "initialSubState": "ACTIVE",
        "forms": {
            "init": "F01_userInitFormDefault",
            "view": "F02_userViewFormDefault",
            "edit": "F03_userEditFormDefault"
        },
        "memberGroups": [
            "flowableUser",
            "flowableAdministrator",
            "flowableWorkIndexingUser",
            "flowableWorkIndexingAdministrator",
            "employee"
        ],
        "lookupGroups": [
            "flowableWorkIndexingUser"
        ],
        "actionPermissions": {
            "create": ["flowableWorkIndexingAdministrator"],
            "edit": ["flowableWorkIndexingAdministrator"],
            "deactivate": ["flowableWorkIndexingAdministrator"],
            "activate": ["flowableWorkIndexingAdministrator"]
        },
        "initialVariables": {
            "adminUser": true,
            "description": "Admin"
        },
        "conversationFilters": ["all"],
        "contactFilters": ["all", "active", "inactive"],
        "allowedFeatures": [
            "contacts",
            "editContactAvatar",
            "changeOwnPassword",
            "createUser",
            "changeContactPassword",
            "work",
            "createWork",
            "cases",
            "processes",
            "reports",
            "reportsMetrics",
            "tasks",
            "templateManagement",
            "actuators"
        ]
    },
    {
        "key": "user-flowableWorkIndexing",
        "name": "Flowable Work Indexing User",
        "description": "Creates a new, non-specific user where the member groups can be freely chosen.",
        "initialState": "ACTIVE",
        "initialSubState": "ACTIVE",
        "forms": {
            "init": "F01_userInitFormDefault",
            "view": "F02_userViewFormDefault",
            "edit": "F03_userEditFormDefault"
        },
        "memberGroups": [
            "flowableUser",
            "flowableWorkIndexingUser",
            "employee"
        ],
        "lookupGroups": [
            "flowableWorkIndexingUser"
        ],
        "actionPermissions": {
            "create": ["flowableWorkIndexingAdministrator"],
            "edit": ["flowableWorkIndexingAdministrator"],
            "deactivate": ["flowableWorkIndexingAdministrator"],
            "activate": ["flowableWorkIndexingAdministrator"]
        },
        "contactFilters": ["active"],
        "allowedFeatures": [
            "contacts",
            "editContactAvatar",
            "changeOwnPassword",
            "work",
            "createWork",
            "cases",
            "tasks"
        ]
    }
]