{"id":"FORM_MODEL-48bdfdd6-37c7-4ac4-9578-0672ff0ea28e","name":"Select Address Form","key":"selectAddressForm","description":"","tenantId":"default","editorJson":{"resourceId":"editor_FORM_MODEL-48bdfdd6-37c7-4ac4-9578-0672ff0ea28e","stencil":{"id":"XForm"},"pathProperties":{"outcomes":"outcomes","outcomevariablename":"outcomeVariableName","datamodel":"dataModel","dialog-size":"dialogSize","dialog-title":"dialogTitle","dialog-title_en_us":"i18n.en_us.dialogTitle","dialog-title_de_de":"i18n.de_de.dialogTitle","dialog-title_fr_fr":"i18n.fr_fr.dialogTitle","dialog-title_it_it":"i18n.it_it.dialogTitle","dialog-title_es_es":"i18n.es_es.dialogTitle","dialog-title_i18n-key":"dialogTitle","dialog-description":"dialogDescription","force-validation":"forceValidation","custom-validations":"customValidations","custom-validations_en_us":"i18n.en_us.customValidations","custom-validations_de_de":"i18n.de_de.customValidations","custom-validations_fr_fr":"i18n.fr_fr.customValidations","custom-validations_it_it":"i18n.it_it.customValidations","custom-validations_es_es":"i18n.es_es.customValidations","custom-validations_i18n-key":"customValidations"},"xmlProperties":[],"childShapes":[{"resourceId":"panel1","stencil":{"id":"SlotPanel"},"pathProperties":{"id":"id"},"xmlProperties":[],"childShapes":[{"resourceId":"single-select1","stencil":{"id":"base-single-select"},"pathProperties":{"tags-enabled":"extraSettings.tagsEnabled","preselect-all":"extraSettings.preselectAll","client-side-filtering":"extraSettings.clientSideFiltering","selection-error-msg":"extraSettings.selectionErrorMessage","selection-error-msg_en_us":"i18n.en_us.extraSettings.selectionErrorMessage","selection-error-msg_de_de":"i18n.de_de.extraSettings.selectionErrorMessage","selection-error-msg_fr_fr":"i18n.fr_fr.extraSettings.selectionErrorMessage","selection-error-msg_it_it":"i18n.it_it.extraSettings.selectionErrorMessage","selection-error-msg_es_es":"i18n.es_es.extraSettings.selectionErrorMessage","selection-error-msg_i18n-key":"extraSettings.selectionErrorMessage","min-error-msg":"extraSettings.minItemsErrorMessage","min-error-msg_en_us":"i18n.en_us.extraSettings.minItemsErrorMessage","min-error-msg_de_de":"i18n.de_de.extraSettings.minItemsErrorMessage","min-error-msg_fr_fr":"i18n.fr_fr.extraSettings.minItemsErrorMessage","min-error-msg_it_it":"i18n.it_it.extraSettings.minItemsErrorMessage","min-error-msg_es_es":"i18n.es_es.extraSettings.minItemsErrorMessage","min-error-msg_i18n-key":"extraSettings.minItemsErrorMessage","max-error-msg":"extraSettings.maxItemsErrorMessage","max-error-msg_en_us":"i18n.en_us.extraSettings.maxItemsErrorMessage","max-error-msg_de_de":"i18n.de_de.extraSettings.maxItemsErrorMessage","max-error-msg_fr_fr":"i18n.fr_fr.extraSettings.maxItemsErrorMessage","max-error-msg_it_it":"i18n.it_it.extraSettings.maxItemsErrorMessage","max-error-msg_es_es":"i18n.es_es.extraSettings.maxItemsErrorMessage","max-error-msg_i18n-key":"extraSettings.maxItemsErrorMessage","min-items":"extraSettings.minItems","min-items-run":"extraSettings.minItems","max-items":"extraSettings.maxItems","max-items-run":"extraSettings.maxItems","enable-autocomplete":"extraSettings.enableAutocomplete","autocomplete-min-length":"extraSettings.autocompleteMinLength","autocomplete-min-length-run":"extraSettings.autocompleteMinLength","placeholder":"placeholder","placeholder_en_us":"i18n.en_us.placeholder","placeholder_de_de":"i18n.de_de.placeholder","placeholder_fr_fr":"i18n.fr_fr.placeholder","placeholder_it_it":"i18n.it_it.placeholder","placeholder_es_es":"i18n.es_es.placeholder","placeholder_i18n-key":"placeholder","enabled":"enabled","enabled-run":"enabled","datasource":"extraSettings.dataSource","options":"extraSettings.items","options_en_us":"i18n.en_us.extraSettings.items","options_en_us-run":"i18n.en_us.extraSettings.items","options_de_de":"i18n.de_de.extraSettings.items","options_de_de-run":"i18n.de_de.extraSettings.items","options_fr_fr":"i18n.fr_fr.extraSettings.items","options_fr_fr-run":"i18n.fr_fr.extraSettings.items","options_it_it":"i18n.it_it.extraSettings.items","options_it_it-run":"i18n.it_it.extraSettings.items","options_es_es":"i18n.es_es.extraSettings.items","options_es_es-run":"i18n.es_es.extraSettings.items","options-run":"extraSettings.items","options_i18n-key":"extraSettings.items","table-key":"extraSettings.tableKey","table-key-run":"extraSettings.tableKey","query-url":"extraSettings.queryUrl","query-url-run":"extraSettings.queryUrl","lookup-url":"extraSettings.lookupUrl","lookup-url-run":"extraSettings.lookupUrl","path":"extraSettings.path","search-query":"extraSettings.searchQuery","link-target-view":"extraSettings.linkTargetView","format-item":"extraSettings.formatItem","auto-complete-type":"extraSettings.storage","serialize-item":"extraSettings.identity","serialize-item-master":"extraSettings.identity","serialize-item-full":"extraSettings.identity","link-item":"extraSettings.linkUrl","link-target":"extraSettings.linkTarget","label-position":"labelAlign","tooltip":"tooltip","tooltip_en_us":"i18n.en_us.tooltip","tooltip_de_de":"i18n.de_de.tooltip","tooltip_fr_fr":"i18n.fr_fr.tooltip","tooltip_it_it":"i18n.it_it.tooltip","tooltip_es_es":"i18n.es_es.tooltip","tooltip_i18n-key":"tooltip","value":"value","default-value":"defaultValue","description":"description","description_en_us":"i18n.en_us.description","description_de_de":"i18n.de_de.description","description_fr_fr":"i18n.fr_fr.description","description_it_it":"i18n.it_it.description","description_es_es":"i18n.es_es.description","description_i18n-key":"description","col-span":"size","ignored":"ignore","ignored-run":"ignore","visible":"visible","visible-run":"visible","required":"isRequired","required-run":"isRequired","style-class":"styleClass","custom-validations":"customValidations","custom-validations_en_us":"i18n.en_us.customValidations","custom-validations_de_de":"i18n.de_de.customValidations","custom-validations_fr_fr":"i18n.fr_fr.customValidations","custom-validations_it_it":"i18n.it_it.customValidations","custom-validations_es_es":"i18n.es_es.customValidations","custom-validations_i18n-key":"customValidations","label":"label","label_en_us":"i18n.en_us.label","label_de_de":"i18n.de_de.label","label_fr_fr":"i18n.fr_fr.label","label_it_it":"i18n.it_it.label","label_es_es":"i18n.es_es.label","label_i18n-key":"label","id":"id","multi":"extraSettings.multi"},"xmlProperties":["tags-enabled","preselect-all","client-side-filtering","table-key","table-key-run","query-url","query-url-run","lookup-url","lookup-url-run","path","format-item","auto-complete-type","serialize-item","serialize-item-master","serialize-item-full","link-item"],"childShapes":[],"bounds":{"lowerRight":{"x":984,"y":73},"upperLeft":{"x":15,"y":25}},"outputmappingproperties":{"options":{"type":"complex","placeholders":[]},"options_en_us":{"type":"complex","placeholders":[]},"options_de_de":{"type":"complex","placeholders":[]},"options_fr_fr":{"type":"complex","placeholders":[]},"options_it_it":{"type":"complex","placeholders":[]},"options_es_es":{"type":"complex","placeholders":[]},"custom-validations":{"type":"complex","placeholders":[]},"custom-validations_en_us":{"type":"complex","placeholders":[]},"custom-validations_de_de":{"type":"complex","placeholders":[]},"custom-validations_fr_fr":{"type":"complex","placeholders":[]},"custom-validations_it_it":{"type":"complex","placeholders":[]},"custom-validations_es_es":{"type":"complex","placeholders":[]}},"properties":{"stencilid":"cloud-single-select","stencilsuperid":"base-single-select","stencilsuperids":["base-single-select"],"customstencil":false,"tags-enabled":false,"notes":"","preselect-all":false,"client-side-filtering":false,"selection-error-msg":"","selection-error-msg_en_us":"","selection-error-msg_de_de":"","selection-error-msg_fr_fr":"","selection-error-msg_it_it":"","selection-error-msg_es_es":"","selection-error-msg_i18n-key":"","min-error-msg":"","min-error-msg_en_us":"","min-error-msg_de_de":"","min-error-msg_fr_fr":"","min-error-msg_it_it":"","min-error-msg_es_es":"","min-error-msg_i18n-key":"","max-error-msg":"","max-error-msg_en_us":"","max-error-msg_de_de":"","max-error-msg_fr_fr":"","max-error-msg_it_it":"","max-error-msg_es_es":"","max-error-msg_i18n-key":"","min-items":"","min-items-run":"","max-items":"","max-items-run":"","enable-autocomplete":false,"autocomplete-min-length":"1","autocomplete-min-length-run":"","placeholder":"","placeholder_en_us":"","placeholder_de_de":"","placeholder_fr_fr":"","placeholder_it_it":"","placeholder_es_es":"","placeholder_i18n-key":"","enabled":true,"enabled-run":"","datasource":"Rest","options_en_us":"","options_en_us-run":"","options_de_de":"","options_de_de-run":"","options_fr_fr":"","options_fr_fr-run":"","options_it_it":"","options_it_it-run":"","options_es_es":"","options_es_es-run":"","options-run":"","options_i18n-key":"","table-key-run":"","query-url":"api/addresses","query-url-run":"api/addresses","lookup-url":"api/addresses/{{$id}}","lookup-url-run":"api/addresses/{{$id}}","path":"data","search-query":"","link-target-view":"browse","format-item":"{{$item.name}}","auto-complete-type":"Id","serialize-item":"id","serialize-item-full":"","link-item":"","link-target":"_blank","label-position":"top","tooltip":"","tooltip_en_us":"","tooltip_de_de":"","tooltip_fr_fr":"","tooltip_it_it":"","tooltip_es_es":"","tooltip_i18n-key":"","value":"{{addressId}}","default-value":"","description":"","description_en_us":"","description_de_de":"","description_fr_fr":"","description_it_it":"","description_es_es":"","description_i18n-key":"","col-span":"1","ignored":false,"ignored-run":"","visible":true,"visible-run":"","required":false,"required-run":"","style-class":"","documentation":"","custom-validations":"","custom-validations_en_us":"","custom-validations_de_de":"","custom-validations_fr_fr":"","custom-validations_it_it":"","custom-validations_es_es":"","custom-validations_i18n-key":"","label":"Select Address","label_en_us":"Select Address","label_de_de":"","label_fr_fr":"","label_it_it":"","label_es_es":"","label_i18n-key":"","id":"single-select1","width":"200","height":"","col":1,"col-align":"fill","col-weight":"","row":1,"row-align":"top","row-weight":"","size":12,"description-position":"bottom","description-align":"left","node-type":"","multi":false,"xmlTag":"select"},"ssextensions":[],"outgoing":[],"dockers":[],"labels":[{"styles":{"fill":"#000000","size":"12","italic":false,"bold":false},"ref":"label_text"},{"styles":{"fill":"#000000","size":"12","italic":false,"bold":false},"ref":"input_text"},{"styles":{"fill":"#000000","size":"12","italic":false,"bold":false},"ref":"desc_text"}]}],"bounds":{"lowerRight":{"x":1049,"y":148},"upperLeft":{"x":50,"y":50}},"oldResourceId":"sid-8D9FC954-EB33-4C05-ADF0-5706EF50E974","properties":{"stencilid":"SlotPanel","stencilsuperid":"SlotPanel","stencilsuperids":["SlotPanel"],"customstencil":false,"id":"panel1","notes":"","width":"300"},"ssextensions":[],"outgoing":[],"dockers":[]}],"bounds":{"lowerRight":{"x":1485,"y":1050},"upperLeft":{"x":0,"y":0}},"outputmappingproperties":{"outcomes":{"type":"formlist","placeholders":[]},"datamodel":{"type":"complex","placeholders":[]},"custom-validations":{"type":"complex","placeholders":[]},"custom-validations_en_us":{"type":"complex","placeholders":[]},"custom-validations_de_de":{"type":"complex","placeholders":[]},"custom-validations_fr_fr":{"type":"complex","placeholders":[]},"custom-validations_it_it":{"type":"complex","placeholders":[]},"custom-validations_es_es":{"type":"complex","placeholders":[]}},"properties":{"stencilid":"XForm","stencilsuperid":"XForm","stencilsuperids":["XForm"],"customstencil":false,"id":"selectAddressForm","notes":"","name":"Select Address Form","guid":"FORM_MODEL-48bdfdd6-37c7-4ac4-9578-0672ff0ea28e","creationdate":"2020-06-04T16:39:02.337Z","modificationdate":"2020-06-04T16:40:29.972Z","outcomes":"","outcomevariablename":"","datamodel":"","dialog-size":"","dialog-title":"","dialog-title_en_us":"","dialog-title_de_de":"","dialog-title_fr_fr":"","dialog-title_it_it":"","dialog-title_es_es":"","dialog-title_i18n-key":"","dialog-description":"","force-validation":"","custom-validations":"","custom-validations_en_us":"","custom-validations_de_de":"","custom-validations_fr_fr":"","custom-validations_it_it":"","custom-validations_es_es":"","custom-validations_i18n-key":"","description":""},"ssextensions":[],"stencilset":{"url":"./app/editor_stencilset","paletteKey":"flowable-form-palette","namespace":"http://b3mn.org/stencilset/xforms#"}}}