{"id":"DOCUMENT_MODEL-ed724236-e1ae-4e2f-a636-bbff7a61ebc1","name":"Birth certificate","key":"birthCertificate","description":null,"editorJson":{"forms":{"edit":"birthCertificate"},"fullForms":[{"key":"edit","value":{"id":"FORM_MODEL-dbd4899b-ef1e-41e2-885a-d15ef25ccb86","name":"Birth certificate","key":"birthCertificate","description":"","createdBy":"Admin","lastUpdatedBy":"Admin","created":"2019-08-14T16:55:26.759+0000","lastUpdated":"2019-08-14T17:04:09.184+0000","latestVersion":true,"version":2,"comment":"","modelType":2,"tenantId":"default"}}]}}