{"id":"DOCUMENT_MODEL-81ce3e2f-07b9-43b0-97a5-a599771e42b8","name":"Driving license","key":"drivingLicense","description":null,"editorJson":{"forms":{"edit":"drivingLicense"},"fullForms":[{"key":"edit","value":{"id":"FORM_MODEL-b6280ef7-4017-485d-9f08-38b0bef48f2c","name":"Driving license","key":"drivingLicense","description":"","createdBy":"Admin","lastUpdatedBy":"Admin","created":"2019-08-14T16:55:37.630+0000","lastUpdated":"2019-08-14T17:03:57.241+0000","latestVersion":true,"version":2,"comment":"","modelType":2,"tenantId":"default"}}]}}