{"id":"DOCUMENT_MODEL-012bfc07-f11f-41bd-afc8-a01120c9141b","name":"Other ID","key":"otherID","description":null,"editorJson":{"forms":{"edit":"otherIdentification"},"fullForms":[{"key":"edit","value":{"id":"FORM_MODEL-f85ea070-e8d8-4750-82d0-80e65c1fd8f5","name":"Other Identification","key":"otherIdentification","description":"","createdBy":"Admin","lastUpdatedBy":"Admin","created":"2019-08-14T16:56:11.774+0000","lastUpdated":"2019-08-14T17:02:23.088+0000","latestVersion":true,"version":2,"comment":"","modelType":2,"tenantId":"default"}}]}}