{"id":"DOCUMENT_MODEL-9524ac7c-6828-4a41-9913-aeecdf85fce7","name":"Passport","key":"passport","description":null,"editorJson":{"forms":{"edit":"passportDetails"},"fullForms":[{"key":"edit","value":{"id":"FORM_MODEL-f7ad24e8-d54a-4a84-80fb-4452d6232619","name":"Passport Details","key":"passportDetails","description":"","createdBy":"Admin","lastUpdatedBy":"Admin","created":"2019-08-14T16:56:22.398+0000","lastUpdated":"2019-08-14T17:01:47.808+0000","latestVersion":true,"version":2,"comment":"","modelType":2,"tenantId":"default"}}]}}