{"id":"DOCUMENT_MODEL-6f31e954-ed1a-4ddf-a3fe-5698d0bc011f","name":"Staff photo","key":"staffPhoto","description":null,"editorJson":{"forms":{"edit":"staffPhotoCreate"},"fullForms":[{"key":"edit","value":{"id":"FORM_MODEL-69caca5e-000d-456f-aab2-5aab332c711f","name":"Staff Photo Create","key":"staffPhotoCreate","description":"","createdBy":"Admin","lastUpdatedBy":"Admin","created":"2019-08-14T16:56:44.059+0000","lastUpdated":"2019-08-14T17:01:27.005+0000","latestVersion":true,"version":2,"comment":"","modelType":2,"tenantId":"default"}}]}}