{"id":"DOCUMENT_MODEL-858e9d64-9c5e-44a4-89ef-ff535b8ddbe9","name":"Wedding certificate","key":"weddingCertificate","description":null,"editorJson":{"forms":{"edit":"weddingCertificate"},"fullForms":[{"key":"edit","value":{"id":"FORM_MODEL-3912b262-6456-42ae-9330-dd53b7e2d798","name":"Wedding certificate","key":"weddingCertificate","description":"","createdBy":"Admin","lastUpdatedBy":"Admin","created":"2019-08-14T16:56:55.413+0000","lastUpdated":"2019-08-14T17:01:07.629+0000","latestVersion":true,"version":2,"comment":"","modelType":2,"tenantId":"default"}}]}}