{"id":"SERVICE_DEFINITION_MODEL-24dae6f3-2e88-43cb-a79b-2aa009b2a549","name":"Address DB Service","key":"addressDBService","description":null,"tenantId":"default","editorJson":{"type":"database","operations":[{"name":"Lookup","key":"findById","inputParameters":[{"name":"lookupId","mappingName":"lookupId","type":"STRING"}],"outputParameters":[{"name":"id","mappingName":"id","type":"STRING"},{"name":"title","mappingName":"title","type":"STRING"},{"name":"name","mappingName":"name","type":"STRING"},{"name":"street","mappingName":"street","type":"STRING"},{"name":"zipCode","mappingName":"zipCode","type":"STRING"},{"name":"city","mappingName":"city","type":"STRING"},{"name":"country","mappingName":"country","type":"STRING"}],"config":{}},{"name":"Create","key":"create","inputParameters":[{"name":"id","mappingName":"id","type":"STRING"},{"name":"title","mappingName":"title","type":"STRING"},{"name":"name","mappingName":"name","type":"STRING"},{"name":"street","mappingName":"street","type":"STRING"},{"name":"zipCode","mappingName":"zipCode","type":"STRING"},{"name":"city","mappingName":"city","type":"STRING"},{"name":"country","mappingName":"country","type":"STRING"}],"outputParameters":[{"name":"id","mappingName":"id","type":"STRING"},{"name":"title","mappingName":"title","type":"STRING"},{"name":"name","mappingName":"name","type":"STRING"},{"name":"street","mappingName":"street","type":"STRING"},{"name":"zipCode","mappingName":"zipCode","type":"STRING"},{"name":"city","mappingName":"city","type":"STRING"},{"name":"country","mappingName":"country","type":"STRING"}],"config":{}},{"name":"Update","key":"update","inputParameters":[{"name":"id","mappingName":"id","type":"STRING"},{"name":"title","mappingName":"title","type":"STRING"},{"name":"name","mappingName":"name","type":"STRING"},{"name":"street","mappingName":"street","type":"STRING"},{"name":"zipCode","mappingName":"zipCode","type":"STRING"},{"name":"city","mappingName":"city","type":"STRING"},{"name":"country","mappingName":"country","type":"STRING"}],"outputParameters":[{"name":"id","mappingName":"id","type":"STRING"},{"name":"title","mappingName":"title","type":"STRING"},{"name":"name","mappingName":"name","type":"STRING"},{"name":"street","mappingName":"street","type":"STRING"},{"name":"zipCode","mappingName":"zipCode","type":"STRING"},{"name":"city","mappingName":"city","type":"STRING"},{"name":"country","mappingName":"country","type":"STRING"}],"config":{}},{"name":"Delete","key":"delete","inputParameters":[{"name":"lookupId","mappingName":"lookupId","type":"STRING"}],"outputParameters":[],"config":{}}],"referenceKey":"DEMO-DOB1","config":{},"columnMappings":[{"name":"id","type":"STRING","columnName":"ID"},{"name":"title","type":"STRING","columnName":"TITLE"},{"name":"name","type":"STRING","columnName":"NAME"},{"name":"street","type":"STRING","columnName":"STREET"},{"name":"city","type":"STRING","columnName":"CITY"},{"name":"country","type":"STRING","columnName":"COUNTRY"},{"name":"zipCode","type":"STRING","columnName":"ZIP_CODE"}],"lookupId":"id","tableName":"ADDRESS"}}