{"id":"APP_MODEL-4a8b8771-c064-4b91-8a71-0fd8ab990ad8","name":"Data Object Example","key":"dataObjectExample","description":"","editorJson":{"models":[{"id":"PROCESS_MODEL-5829cb78-a91c-4810-8978-bec87650551c","name":"Address Usage Process","version":5,"modelType":0,"description":"","createdBy":"c321fc96-4e6b-4d53-92d7-7d8c20c89106","lastUpdatedBy":"c321fc96-4e6b-4d53-92d7-7d8c20c89106","lastUpdated":"2020-06-04T16:54:10.848+0000","key":"addressUsageProcess","tenantId":"default"},{"id":"PROCESS_MODEL-52b119de-9659-49b9-8f00-4053420daf88","name":"Create Address Process","version":4,"modelType":0,"description":"","createdBy":"c321fc96-4e6b-4d53-92d7-7d8c20c89106","lastUpdatedBy":"c321fc96-4e6b-4d53-92d7-7d8c20c89106","lastUpdated":"2020-06-05T06:27:49.029+0000","key":"createAddressProcess","tenantId":"default"}],"cmmnModels":[],"formModels":[{"id":"FORM_MODEL-da950424-5bcf-4a83-8a75-2dabd6d8918e","name":"Update Address Form","version":12,"modelType":2,"description":"","createdBy":"c321fc96-4e6b-4d53-92d7-7d8c20c89106","lastUpdatedBy":"c321fc96-4e6b-4d53-92d7-7d8c20c89106","lastUpdated":"2020-06-04T14:21:23.703+0000","key":"DEMO-DF2","tenantId":"default"}],"dmnModels":[],"workModels":[{"id":"DATA_OBJECT_MODEL-8d026129-ae0e-49fa-9e93-f573c7a1e7ff","name":"Address","version":1,"modelType":11,"createdBy":"Admin","lastUpdatedBy":"Admin","lastUpdated":"2020-06-04T10:22:04.343+0000","key":"DEMO-DOB1","tenantId":"default"},{"id":"SERVICE_DEFINITION_MODEL-24dae6f3-2e88-43cb-a79b-2aa009b2a549","name":"Address DB Service","version":1,"modelType":13,"createdBy":"Admin","lastUpdatedBy":"Admin","lastUpdated":"2020-06-04T10:24:40.815+0000","key":"addressDBService","tenantId":"default"},{"id":"ACTION_MODEL-914dc5ab-3673-4d77-8bf3-afff5f68a6ef","name":"Create Address Action","version":1,"modelType":6,"createdBy":"Admin","lastUpdatedBy":"Admin","lastUpdated":"2020-06-04T11:14:46.503+0000","key":"DEMO-A1","tenantId":"default"},{"id":"ACTION_MODEL-800639f2-e03d-4259-a6ca-82994f044bab","name":"Edit Address Action","version":2,"modelType":6,"createdBy":"Admin","lastUpdatedBy":"Admin","lastUpdated":"2020-06-04T11:31:16.380+0000","key":"DEMO-A2","tenantId":"default"},{"id":"LIQUIBASE_CHANGELOG_MODEL-dd7ab8fa-9086-4469-98c5-a6f7a8239b96","name":"Address Changelog","version":1,"modelType":14,"createdBy":"Admin","lastUpdatedBy":"Admin","lastUpdated":"2020-06-04T13:24:32.000+0000","key":"DEMO-L1","tenantId":"default"},{"id":"ACTION_MODEL-15a1bbad-ffd7-495d-924e-817cca1f2574","name":"Delete Address Action","version":1,"modelType":6,"createdBy":"Admin","lastUpdatedBy":"Admin","lastUpdated":"2020-06-04T14:00:20.168+0000","key":"DEMO-A4","tenantId":"default"}],"linkedModels":[{"id":"FORM_MODEL-37d5f902-0a75-4ff4-9b21-48c7d43e74bd","name":"Address Form","version":4,"modelType":2,"description":"","createdBy":"Admin","lastUpdatedBy":"Admin","lastUpdated":"2020-06-04T11:46:52.573+0000","key":"DEMO-DF1","tenantId":"default"}],"pages":[{"id":"PAGE_MODEL-bc3393e4-e373-47b4-9339-f52c73bb8229","name":"Address Dashboard","version":36,"modelType":9,"description":"","createdBy":"c321fc96-4e6b-4d53-92d7-7d8c20c89106","lastUpdatedBy":"c321fc96-4e6b-4d53-92d7-7d8c20c89106","lastUpdated":"2020-06-04T17:26:12.522+0000","key":"DEMO-PAGE1","tenantId":"default","label":"Address Dashboard","url":"DEMO-PAGE1","i18n":{}}],"theme":"theme-1","icon":"glyphicon-asterisk","flowApp":true,"url":"dataobjects-example","order":0,"i18n":{}}}